movieId,title,genres,year,url
127154,The Mask You Live In,"[""Documentary""]",2015,http://image.tmdb.org/t/p/w500/69uHLKYDMUVg9vUbucWXCHkhqVT.jpg
127156,Prophet's Prey,"[""Crime"",""Documentary""]",2015,http://image.tmdb.org/t/p/w500/c4hgvhj6aiRh7IJf8cYU9nOdEW.jpg
127160,In Football We Trust,"[""Documentary""]",2015,http://image.tmdb.org/t/p/w500/8Vw692QTM9qn9rjFPuIzQWApTyl.jpg
127162,Most Likely to Succeed,"[""Documentary"",""Drama""]",2015,
127164,"What Happened, Miss Simone?","[""Documentary""]",2015,http://image.tmdb.org/t/p/w500/dHXeRW71m0KmEuj1XovM7RRVc32.jpg
127166,6 Desires: DH Lawrence and Sardinia,"[""Documentary""]",2014,http://image.tmdb.org/t/p/w500/qOvuJHGreKFe63V5WBoOxngjNzs.jpg
127170,Here be Dragons,"[""Documentary""]",2013,http://image.tmdb.org/t/p/w500/gnwaVq83SccPFtLIUOiddw4b6EU.jpg
127172,A Story of Children and Film,"[""Documentary""]",2013,http://image.tmdb.org/t/p/w500/33ofZXx1U57JRpvD8bNTFn2xAhB.jpg
127176,The First Movie,"[""Documentary""]",2009,http://image.tmdb.org/t/p/w500/5vGY53pqWLA9jm5ek4z2iU1ap8O.jpg
127178,99 Homes,"[""Drama""]",2014,http://image.tmdb.org/t/p/w500/mw4b2KLWInQ3Po5uOOTU6Q0Y5VP.jpg
127180,"Story of Film: An Odyssey, The","[""Documentary""]",2011,http://image.tmdb.org/t/p/w500/21JcMfxZr0V7sDHQtaTbygL9FzQ.jpg
127182,Aloft,"[""Drama""]",2014,http://image.tmdb.org/t/p/w500/zrclyTdV0Y12c18RjywkDEAhG05.jpg
127184,Eden,"[""Drama""]",2014,http://image.tmdb.org/t/p/w500/leskpLRqBFFkTGrMbmcAoizJAFx.jpg
127186,Girlhood,"[""Drama""]",2014,http://image.tmdb.org/t/p/w500/towsWW8B5U8wRXSI2RULoOFohP5.jpg
127188,Advantageous,"[""Children"",""Drama"",""Sci-Fi""]",2015,http://image.tmdb.org/t/p/w500/wGD529WiRYTCaXFrX93HESFLzo4.jpg
127190,Sidestreet,"[""Documentary""]",1988,http://image.tmdb.org/t/p/w500/j6zGBZrHt33R06OZR7dOGIY1xm6.jpg
127192,The Bronze,"[""Comedy"",""Drama""]",2015,http://image.tmdb.org/t/p/w500/cDOm5adw45i2Ik3qp1cnKz30ApS.jpg
127194,The D Train,"[""Comedy""]",2015,http://image.tmdb.org/t/p/w500/dbktSEvfDgrC8iXokAO4Tihjd6N.jpg
127196,The Diary of a Teenage Girl,"[""Drama""]",2015,http://image.tmdb.org/t/p/w500/tp6cKoQOb9gY9DbhQmWIk7wdMkS.jpg
127198,Dope,"[""Comedy"",""Drama""]",2015,http://image.tmdb.org/t/p/w500/a8ATKI5pks0uMQFQzEhElBUrBiQ.jpg
127200,I Smile Back,"[""Drama""]",2015,http://image.tmdb.org/t/p/w500/bDJ3eHY4mUAvMSCpFLkGuam3rZ7.jpg
127202,Me and Earl and the Dying Girl,"[""Drama""]",2015,http://image.tmdb.org/t/p/w500/4Zrvc5rddDSHD3JmfkzvAx82wuT.jpg
127204,The Overnight,"[""Comedy""]",2015,http://image.tmdb.org/t/p/w500/iKHm9nlUstJBFxu1ukmUcFvN0Sy.jpg
127206,"People, Places, Things","[""Comedy""]",2015,http://image.tmdb.org/t/p/w500/xnibJ920vaFdFujSnnQK6mMaKYS.jpg
127208,Results,"[""Comedy"",""Romance""]",2015,http://image.tmdb.org/t/p/w500/u1b4fzVmGMg7SChNB5r7rAw8oZA.jpg
127210,Songs My Brothers Taught Me,"[""Drama""]",2015,http://image.tmdb.org/t/p/w500/w6ZlkPjkxKPgsnXnBySp1IgskkE.jpg
127212,The Stanford Prison Experiment,"[""Drama"",""Thriller""]",2015,http://image.tmdb.org/t/p/w500/fQnxFUuLajYHQlUOHJ6LkkZPqb6.jpg
127214,"Stockholm, Pennsylvania","[""Drama"",""Thriller""]",2015,http://image.tmdb.org/t/p/w500/pQ1MSPPhN4SL8Na1jnkVEksCIil.jpg
127216,Unexpected,"[""Comedy"",""Drama""]",2015,http://image.tmdb.org/t/p/w500/5qVkzDEqvFso55Uq2sn3C8DYazg.jpg
127220,The Student,"[""Comedy"",""Romance""]",1988,http://image.tmdb.org/t/p/w500/rH09SMA7XkRUNWWXYooMqObdkPL.jpg
127222,Nothing's All Bad,"[""Drama""]",2010,http://image.tmdb.org/t/p/w500/pNRLUDPfWxozfddzriJMLWjU7nu.jpg
127224,Northwest,"[""Action"",""Crime"",""Drama""]",2013,http://image.tmdb.org/t/p/w500/64tGIui034kZdhGHlgybBTDbna7.jpg
127226,Stations of the Cross,"[""Drama""]",2014,http://image.tmdb.org/t/p/w500/3ptFirhUgQSWOiTl2QYoCvNk221.jpg
127228,The Referees,"[""Documentary""]",2009,http://image.tmdb.org/t/p/w500/qbpnQ9aXKSVisB3mnjRhjI2cf0y.jpg
127230,The World Forgotten,"[""Adventure"",""Documentary""]",2011,http://image.tmdb.org/t/p/w500/A1s1DEElOf4lsvMaTFJyaH9xgnz.jpg
127232,The Referee,"[""Comedy""]",2013,http://image.tmdb.org/t/p/w500/gDGcnP9jmVIrPQAv7jMaWtM5Udy.jpg
127234,Reality,"[""Comedy"",""Drama""]",2012,http://image.tmdb.org/t/p/w500/uGCTG8me3iFBCNO6W9nGOz4mycq.jpg
127236,AmnÃ¨sia,"[""Comedy"",""Crime"",""Drama""]",2002,http://image.tmdb.org/t/p/w500/r2J006SNBc5WadZtetKCg8h2VpW.jpg
127238,Three-Step Dance,"[""Drama""]",2003,http://image.tmdb.org/t/p/w500/djUKe5I0lxn7Ml1f5wymvATcYC7.jpg
127242,Dangerous Liaisons,"[""Drama"",""Romance""]",2003,http://image.tmdb.org/t/p/w500/zqQVKxExoRQbKBipOFNp3rAg3fD.jpg
127244,My Sweet Pepper Land,"[""Drama""]",2013,http://image.tmdb.org/t/p/w500/3704Km1Np7I0ogR3VzyjoVPs6VL.jpg
127246,Act of Aggression,"[""Crime"",""Drama""]",1975,http://image.tmdb.org/t/p/w500/eT1p15qTl7cMEQwzKzO88aA50Gj.jpg
127248,The Auction,"[""Drama""]",2013,http://image.tmdb.org/t/p/w500/zaDBeIT46H8vDRP9u2XVXp1Xo6N.jpg
127250,Last Chance,"[""Comedy""]",2014,http://image.tmdb.org/t/p/w500/e3SyQb7EKWTRIYlrAEN1rT2IlKU.jpg
127254,Inbetween Worlds,"[""Drama""]",2014,http://image.tmdb.org/t/p/w500/gwX49FJLsdmsMjS6ogdFMvpMmmz.jpg
127256,The Old Gun,"[""Drama"",""Thriller"",""War""]",1975,http://image.tmdb.org/t/p/w500/hoFHDYr7xL2mzN2mFkeH2aJFh7M.jpg
127258,The Passerby,"[""Drama""]",1982,http://image.tmdb.org/t/p/w500/b5NlzHSFynfMLl6zRVRq5dURVYV.jpg
127260,The Things of Life,"[""Drama"",""Romance""]",1970,http://image.tmdb.org/t/p/w500/rvgQuwSZXZIwB4NChWrVXEGfU8N.jpg
127262,The Count of Monte Cristo,"[""Adventure"",""Drama"",""Romance""]",1954,http://image.tmdb.org/t/p/w500/A5JdatkeZJgplFhLaAqmxxdHfyK.jpg
127264,The Hunchback of Paris,"[""Action"",""Adventure""]",1959,http://image.tmdb.org/t/p/w500/xPYvPghO9TqgCsdNK7s90IRCqCM.jpg
127266,In the Basement,"[""Documentary""]",2014,http://image.tmdb.org/t/p/w500/e9KurbqtZYDFVuTPi6Hq4TkgXfV.jpg
127268,Project Wild Thing,"[""Adventure"",""Children"",""Documentary"",""Drama""]",2013,http://image.tmdb.org/t/p/w500/fwlyKcQm6v6QbfzjtiggeZeAS1k.jpg
127270,Trojan Eddie,"[""Crime"",""Drama"",""Romance""]",1996,http://image.tmdb.org/t/p/w500/5iRiI9wRtNTuQqhmrAFDRxwpBjD.jpg
127272,Nobody Knows Anything!,"[""Comedy""]",2003,http://image.tmdb.org/t/p/w500/e6fiyagb75gNoVw1eBxTVp4Tt9o.jpg
127274,Ice Men,"[""Drama""]",2004,http://image.tmdb.org/t/p/w500/37krWVymQCodpktd7xm2L1lKyLB.jpg
127276,The Invitation,"[""Drama"",""Horror"",""Thriller""]",2003,http://image.tmdb.org/t/p/w500/ulNCUB98fI4t8VlIO9y8k4K7PkO.jpg
127278,When the Bough Breaks,"[""Drama"",""Thriller""]",1994,http://image.tmdb.org/t/p/w500/pvFUlSPfE1GoKvFolrrcsrl8A1F.jpg
127280,Innocent Lies,"[""Drama"",""Mystery"",""Thriller""]",1995,http://image.tmdb.org/t/p/w500/w7oMwAELZhGf3Fhf5JMpMyQLxLS.jpg
127282,Suppose They Gave a War and Nobody Came?,"[""Comedy"",""Drama""]",1970,http://image.tmdb.org/t/p/w500/l5OmkuTy30MMDjvnAACtkM3Pzi3.jpg
127284,Niagara Motel,"[""Comedy""]",2005,http://image.tmdb.org/t/p/w500/2qEAjQeJsN2UbHP4BKaP5yxNcFo.jpg
127286,Mentor,"[""Drama""]",2006,http://image.tmdb.org/t/p/w500/Ajmf0H9jgVf01OAbcCx0uo9AEGP.jpg
127288,Neverwhere,"[""Drama"",""Fantasy""]",1996,http://image.tmdb.org/t/p/w500/6DAwxMYjoUB6wRBF4Xm3J38hBgs.jpg
127290,Animal Room,"[""Drama"",""Thriller""]",1995,http://image.tmdb.org/t/p/w500/kJeEurd1mtIQIEYf9kzjYCnj5YM.jpg
127292,Zenith,"[""Sci-Fi"",""Thriller""]",2010,http://image.tmdb.org/t/p/w500/utYuIoB6M82GM8gayVbZFr0zyvd.jpg
127294,Estomago: A Gastronomic Story,"[""Drama""]",2007,http://image.tmdb.org/t/p/w500/xe4jhhgsSuKd0p0n8AdfssJMKa0.jpg
127296,Suing the Devil,"[""Comedy"",""Drama"",""Thriller""]",2011,http://image.tmdb.org/t/p/w500/uxZxOuQ1JnAR4pnfvVRnCNHGEwg.jpg
127298,A Pigeon Sat on a Branch Reflecting on Existence,"[""Comedy"",""Drama""]",2014,http://image.tmdb.org/t/p/w500/wxa4VxJkGcuYNTEOfa04eHMtolL.jpg
127300,Panda! Go Panda! Rainy Day Circus,"[""Animation"",""Children""]",1973,http://image.tmdb.org/t/p/w500/lSHv9nQgO4yNlu82auqJAlU1iic.jpg
127302,Nine Miles Down,"[""Horror"",""Mystery"",""Thriller""]",2009,http://image.tmdb.org/t/p/w500/iivLrDdvIAyrAkjxkgvJXjMfHwO.jpg
127307,All Together,"[""Comedy"",""Drama""]",2011,http://image.tmdb.org/t/p/w500/zSbBZNsccKYx8K0QCDT6r7AECHt.jpg
127309,Teen Spirit,"[""Comedy"",""Drama"",""Fantasy""]",2011,http://image.tmdb.org/t/p/w500/tzZYpqsPbbQVHCcOj5mxT1TjK7a.jpg
127311,The Forbidden Room,"[""Comedy"",""Drama"",""Mystery"",""Romance""]",2015,http://image.tmdb.org/t/p/w500/wnObaH2iWp66QgJpdTEfgtwLhMV.jpg
127313,Evilenko,"[""Crime"",""Horror"",""Thriller""]",2004,http://image.tmdb.org/t/p/w500/nSpp7UNMrA5CkTc26msa93yVbdb.jpg
127315,Alien Outpost,"[""Action"",""Sci-Fi"",""Thriller""]",2014,http://image.tmdb.org/t/p/w500/jC6kjckGjdOLibPVyZpqj8W3Suk.jpg
127319,The Loft,"[""Thriller""]",2014,http://image.tmdb.org/t/p/w500/9hE6vesQoSREyvJha9z0g5OryHH.jpg
127321,[REC] 4: Apocalypse,"[""Horror"",""Thriller""]",2014,http://image.tmdb.org/t/p/w500/epubwPXk2dUADlBBCz6Op6FsM.jpg
127323,Vice,"[""Action"",""Adventure"",""Sci-Fi"",""Thriller""]",2015,http://image.tmdb.org/t/p/w500/gwiY5RJFYSjsoSwoeeo6AbGYjpb.jpg
127331,The Well,"[""Drama"",""Film-Noir"",""Thriller""]",1951,http://image.tmdb.org/t/p/w500/1bzwTkYljs1NGhjgnSoTbv08H7I.jpg
127390,Family Guy Presents: Blue Harvest,"[""Animation"",""Comedy""]",2007,http://image.tmdb.org/t/p/w500/dWkum5NHv2Tr7O8QsR0A2fnXG0U.jpg
127419,Sanatorium,"[""Thriller""]",2013,http://image.tmdb.org/t/p/w500/hO5dGO0oNxkqhQlepvvT5oGWXU5.jpg
127433,High School Hellcats,"[""Crime"",""Drama""]",1958,http://image.tmdb.org/t/p/w500/b70qzOfJBE2NS5wH79eN7qPOIvs.jpg
127441,Last Days in Vietnam,"[""Documentary"",""War""]",2014,http://image.tmdb.org/t/p/w500/kA3HoikzKAVBeNpFRRDDTbc18Jl.jpg
127443,Manakamana,"[""Documentary""]",2013,http://image.tmdb.org/t/p/w500/ancaVKIXQk5VPq7XIOFa9zwZfWv.jpg
127445,Saturday Night,"[""Documentary""]",2010,http://image.tmdb.org/t/p/w500/pcSNn5WSbIUUuTl0GcVjtx05Vfd.jpg
127449,Hippie Masala - Forever in India,"[""Documentary""]",2006,http://image.tmdb.org/t/p/w500/iE6SvhvGjKnes3p2VNKwvcmTfBU.jpg
127451,A Grain of Truth,"[""Thriller""]",2015,http://image.tmdb.org/t/p/w500/qeQpd4i2ZLjws8DMAgIrPL2gsCN.jpg
127453,The Photographer,"[""Drama""]",2014,http://image.tmdb.org/t/p/w500/5Aeq8Eoj6hWpjI13oVQmqrBULJi.jpg
127455,Down to Earth,"[""Drama""]",1994,http://image.tmdb.org/t/p/w500/7fkxNi9nGUoiQ1dGN9LJT9dZ94d.jpg
127484,Karen Cries on the Bus,"[""Drama""]",2011,http://image.tmdb.org/t/p/w500/p18ruLAyFJnkjlR8IUGQnl6oUSp.jpg
127498,Private Confessions,"[""Drama""]",1996,http://image.tmdb.org/t/p/w500/xtBKBFGZBh2qYzv16WErTnjdd3x.jpg
127567,Landscape Suicide,"[""Crime"",""Drama""]",1987,http://image.tmdb.org/t/p/w500/3DQvzuQdvAaE3i45ZbuGKiqYy0S.jpg
127569,One Way Boogie Woogie,"[""Documentary""]",1977,http://image.tmdb.org/t/p/w500/bKhDeu7D0LKTrR1N45fBfPtbaEe.jpg
127573,13 Lakes,"[""Documentary""]",2004,http://image.tmdb.org/t/p/w500/u6usyT5ovLIhGB2uW5iCgKn6PxI.jpg
127575,Ruhr,"[""Documentary""]",2009,http://image.tmdb.org/t/p/w500/9WIxtRfLFrEQcBuPg5YiIVfAKTH.jpg
127579,Black Venus,"[""Drama""]",2010,http://image.tmdb.org/t/p/w500/7qoiMFrcZT1shbBOAitthPg4t6v.jpg
127581,Poetical Refugee,"[""Drama""]",2000,http://image.tmdb.org/t/p/w500/5OlmfAlThgQXtj0iEPTr1HmQKVH.jpg
127583,Chuck Norris vs Communism,"[""Documentary""]",2015,http://image.tmdb.org/t/p/w500/ovY7MIDDeGWIKcOQqxRqV71H87z.jpg
127585,Fear Clinic,"[""Horror""]",2014,http://image.tmdb.org/t/p/w500/4NeBfeqomO05020RsQD7eMn8yva.jpg
127587,The Seven Males,"[""Comedy"",""Western""]",1951,http://image.tmdb.org/t/p/w500/v2AgyzkDBH4qLyYwbSuimgUksxa.jpg
127606,The Questor Tapes,"[""Sci-Fi""]",1974,http://image.tmdb.org/t/p/w500/8ER0NHEWnpTuVRGFU4TG2uYNQWp.jpg
127608,The UFO Incident,"[""Drama"",""Romance"",""Sci-Fi""]",1975,http://image.tmdb.org/t/p/w500/sjnqNELR0nUttpYgvu11nj4hNyH.jpg
127610,Average Italian,"[""Comedy""]",2015,http://image.tmdb.org/t/p/w500/4D7tJwBUTF2BMKtE30PWgV9W4Bx.jpg
127614,Lure of the Sila,"[""Drama""]",1949,http://image.tmdb.org/t/p/w500/nQYM8wSHenacCyDMmxZpYySIEON.jpg
127622,The House of Intrigue,"[""Drama"",""War""]",1956,http://image.tmdb.org/t/p/w500/ns7dzEW5j4QQ1G1NHcuRNfQKWdp.jpg
127626,Under Ten Flags,"[""Drama"",""War""]",1960,http://image.tmdb.org/t/p/w500/mvADkOSD6kauXTYg5O0LcWBjCou.jpg
127630,The Legend of Awesomest Maximus,"[""Action"",""Comedy""]",2011,http://image.tmdb.org/t/p/w500/s3pT29EKO0ErXphEuAcjR74t8iJ.jpg
127634,Sebastian,"[""Drama"",""Romance""]",1968,http://image.tmdb.org/t/p/w500/bL4MXkDB5RWk0LsCNQAszlASSqR.jpg
127636,The Strange Affair,"[""Crime"",""Drama""]",1968,http://image.tmdb.org/t/p/w500/pSO3FuFch2wwbP85NJvFCyv9mN4.jpg
127640,I Start Counting,"[""Thriller""]",1970,http://image.tmdb.org/t/p/w500/tWf74z9BAuD4DcwoV3iW7VTOSdZ.jpg
127642,Madame Sin,"[""Thriller""]",1972,http://image.tmdb.org/t/p/w500/1eUCR251gdbG4itElvf4SrhBA9e.jpg
127644,The Trial of Lee Harvey Oswald,"[""Drama""]",1977,http://image.tmdb.org/t/p/w500/pTMreuznAtE6M44rrzmFDO0yx9S.jpg
127652,We Are Young. We Are Strong.,"[""Drama""]",2014,http://image.tmdb.org/t/p/w500/2Etatd2baXtgvvW9uOUEAwy9ISj.jpg
127654,Relationship Status: It's Complicated,"[""Comedy"",""Romance""]",2014,http://image.tmdb.org/t/p/w500/gtvfiB2tRYbG0U78zOLuTgYKwRC.jpg
127656,Mr. Kinky,"[""Comedy""]",1968,http://image.tmdb.org/t/p/w500/aH1XuLIc1OYqOksk1GQWI65Po61.jpg
127658,Calculator,"[""Sci-Fi""]",2014,http://image.tmdb.org/t/p/w500/fUI8a4pAkVYZvsjwzYFOjHPFXQ2.jpg
127667,Riviera,"[""Comedy"",""Drama""]",1954,http://image.tmdb.org/t/p/w500/9SwiCch7ZCLWPcgHMGkZM35ENm8.jpg
127669,Guendalina,"[""Comedy""]",1957,http://image.tmdb.org/t/p/w500/3YOBnqWLt0uP64pRYXFEKUw9Zv3.jpg
127681,Come Have Coffee with Us,"[""Comedy""]",1970,http://image.tmdb.org/t/p/w500/uLVYMgdJm1ZyFVp9NSeB4G0ojWz.jpg
127721,Yeti: The Giant of the 20th Century,"[""Adventure"",""Fantasy""]",1977,http://image.tmdb.org/t/p/w500/yVpSnOUWUPl7F6V0PudDZSTeuD3.jpg
127724,The Retrieval,"[""Drama"",""Western""]",2013,http://image.tmdb.org/t/p/w500/7vmNQlqyPXk2VVynxltEXxcyTOB.jpg
127728,Back Soon,"[""Drama"",""Romance""]",2007,http://image.tmdb.org/t/p/w500/vCDC24TJlm1ilga0oKx0935jsml.jpg
127831,Tintin and I,"[""Documentary""]",2003,http://image.tmdb.org/t/p/w500/AlWtExIGHXdkf4FP0OzRMaVbHgz.jpg
127837,Paz!,"[""Comedy""]",2002,http://image.tmdb.org/t/p/w500/n8V9nZ9507OaSruu4tD2BnaMwN0.jpg
127843,Antarctica,"[""Adventure"",""Drama""]",1983,http://image.tmdb.org/t/p/w500/8IMfzLT7I4oqfR5un6O1JtnzTMP.jpg
127845,"Back to the Garden, Flower Power Comes Full Circle","[""Documentary""]",2009,
127851,Incredible Rocky Mountain Race,"[""Drama""]",1977,http://image.tmdb.org/t/p/w500/eL5yVXXlnjVdZyS0zV7xS1BYoN5.jpg
127857,What the Day Owes the Night,"[""Drama"",""Romance""]",2012,http://image.tmdb.org/t/p/w500/rVZyjWpfsBpKPXZ4m98GCP7oyn2.jpg
127859,Scourge,"[""Horror"",""Mystery"",""Sci-Fi""]",2008,http://image.tmdb.org/t/p/w500/fldHa58qXTyVx8mZ450gfl5MOn4.jpg
127861,The Last Gladiators,"[""Documentary""]",2011,http://image.tmdb.org/t/p/w500/1hw2YjuX3X9x0WtISD5CMI0qKKe.jpg
127873,Jay Mohr: Funny for a Girl,"[""Comedy""]",2012,http://image.tmdb.org/t/p/w500/aedZgROYT3cQupkrgqERBo1jT9T.jpg
127875,The Gold Spinners,"[""Documentary""]",2013,http://image.tmdb.org/t/p/w500/oHa2yZgfKO4qRkQdGLeltZ5FKbi.jpg
127877,Kawa,"[""Drama""]",2010,http://image.tmdb.org/t/p/w500/lhe6Ej4ndxoqsVq92HjgqPjuRV6.jpg
127879,Adjust Your Tracking,"[""Documentary""]",2013,http://image.tmdb.org/t/p/w500/orT56QaHZnshOdM3S74X5ZVaI95.jpg
127881,Addicted to Plastic,"[""Documentary""]",2008,http://image.tmdb.org/t/p/w500/3ToH7ehCaId4hvQPJ8PdKC6WDcf.jpg
127957,Min sÃ¥ kallade pappa,"[""(no genres listed)""]",2014,http://image.tmdb.org/t/p/w500/5rGwwA6UpG1y078Ri0gN18mZ8Pe.jpg
127974,100 Bloody Acres,"[""Comedy"",""Horror""]",2012,http://image.tmdb.org/t/p/w500/oQSPjfdqu4bTmb3Lrj0dNkFLkrR.jpg
127993,Evenings on a Farm near Dikanka,"[""Comedy"",""Fantasy"",""Romance""]",1961,http://image.tmdb.org/t/p/w500/pIwbjd8yPUs1yVpFCI2xbEOxGIU.jpg
128085,Light the Fuse... Sartana Is Coming,"[""Western""]",1970,http://image.tmdb.org/t/p/w500/jozSUklSsgV5Xa8suziPaspFCIJ.jpg
128089,Kevin Hart: I'm a Grown Little Man,"[""Comedy""]",2009,http://image.tmdb.org/t/p/w500/eGR1PmPG3erNiIXOg86o6JMtqmf.jpg
128091,Craig Ferguson: A Wee Bit o' Revolution,"[""Comedy""]",2009,http://image.tmdb.org/t/p/w500/vET0bUzXq4H1CJM1SpoHl66ddlV.jpg
128093,"Bo Burnham: Words, Words, Words","[""Comedy""]",2010,http://image.tmdb.org/t/p/w500/bMFbsWSVIYJCrfsVo6b7qbkhKzk.jpg
128099,Jim Jefferies: BARE,"[""Comedy""]",2014,http://image.tmdb.org/t/p/w500/1rlGWW1UXQprOxzNzGn91SKmiHK.jpg
128149,Not Safe for Work,"[""Thriller""]",2014,http://image.tmdb.org/t/p/w500/8WSbYXSq42LR0SWYvDQcIuNEkGR.jpg
128151,Il piccolo diavolo,"[""Comedy"",""Fantasy"",""Romance""]",1988,http://image.tmdb.org/t/p/w500/nQJKOJlb2IEqQki8GSRYVMbSyXM.jpg
128157,People in Places,"[""Comedy"",""Drama""]",2013,http://image.tmdb.org/t/p/w500/96GhOi8G0EfaqJSvjcycthzhwAf.jpg
128167,Beer for My Horses,"[""Action"",""Comedy""]",2008,http://image.tmdb.org/t/p/w500/pjDM4pBOrkQ2eIuvcaTIlbbOyP2.jpg
128169,Beethoven's 3rd,"[""Children"",""Comedy""]",2000,http://image.tmdb.org/t/p/w500/589sIYeyNNABh4jhE4ZWdlgFdgq.jpg
128171,Beethoven's 5th,"[""Adventure"",""Children"",""Comedy""]",2003,http://image.tmdb.org/t/p/w500/rVR7WpWB6ZyinmryBfwIzdi2WGi.jpg
128173,Beethoven's Big Break,"[""Children"",""Comedy""]",2008,http://image.tmdb.org/t/p/w500/gGiLG8oiSsMKy0SGd55liBZH07d.jpg
128175,Beethoven's Treasure Tail,"[""Action"",""Adventure"",""Children""]",2014,http://image.tmdb.org/t/p/w500/lzAY4bG6RTBH8Xo7DAzG5MNUrIL.jpg
128187,Freedom Song,"[""Drama""]",2000,http://image.tmdb.org/t/p/w500/fuB1nOmdZ89DIq1FAmMGZHSzQu8.jpg
128195,Griffin and Phoenix,"[""Drama""]",1976,http://image.tmdb.org/t/p/w500/31E1FfX7Mut8ntzIdM4HJT0wvF4.jpg
128201,Hercules,"[""Action"",""Adventure"",""Fantasy""]",2005,http://image.tmdb.org/t/p/w500/8IKPdr9wdw0IjrFw8ISLYNtwQHJ.jpg
128209,Madison Avenue,"[""Drama""]",1962,http://image.tmdb.org/t/p/w500/b1p2pfPdlAlY2KlibJKCzJidn5q.jpg
128215,Pulse,"[""Horror"",""Sci-Fi"",""Thriller""]",1988,http://image.tmdb.org/t/p/w500/ukfV7D0dtqM05KtiWV6DqfkJbmr.jpg
128239,The Adventures of Hercules,"[""Comedy"",""Fantasy""]",1985,http://image.tmdb.org/t/p/w500/zSrHCLNRzMbgwJKmf9bHq8JMLCv.jpg
128247,The Corsican Brothers,"[""Adventure""]",1941,http://image.tmdb.org/t/p/w500/uwG0XTi5UQNha1BjJf9HOHRCyQ5.jpg
128249,The Great Scout & Cathouse Thursday,"[""Action"",""Comedy"",""Western""]",1976,http://image.tmdb.org/t/p/w500/wcBqU7mEShSD79kpfcmy01zHVLn.jpg
128269,Tyler Perry's A Madea Christmas,"[""Comedy""]",2011,http://image.tmdb.org/t/p/w500/msPp4g3Cky1KxY41bztzPaYgYMu.jpg
128273,Inseparable,"[""Comedy"",""Drama"",""Mystery"",""Thriller""]",2011,http://image.tmdb.org/t/p/w500/ucq6G3NnB8Dmn9TCS33un0P1N5f.jpg
128277,Break-in,"[""Comedy""]",1939,http://image.tmdb.org/t/p/w500/rj8FDGhBwhvRNOkW15aY5Bsr5CS.jpg
128279,Sylvia and the Ghost,"[""Comedy"",""Fantasy"",""Romance""]",1946,http://image.tmdb.org/t/p/w500/asJ0X610DnTiNjZZGlBdzX9ESX0.jpg
128283,The Red Inn,"[""Comedy"",""Crime""]",1951,http://image.tmdb.org/t/p/w500/vwCQDXJfQm1ImFdSZD5hkj0dv4B.jpg
128301,Jungle Fighters,"[""Drama"",""War""]",1961,http://image.tmdb.org/t/p/w500/oHVdI4WMEcaz54H3oZEziwdko00.jpg
128303,Austin High,"[""Comedy""]",2011,http://image.tmdb.org/t/p/w500/3A2l3GSEwhUAXDIahq9ba3gpfox.jpg
128305,They All Lie,"[""Drama""]",2009,http://image.tmdb.org/t/p/w500/AfrN35qyVkEErcbJe0V48riSHJ9.jpg
128308,The Princess of Egypt,"[""Drama""]",2013,http://image.tmdb.org/t/p/w500/kU4SvqlcgIFC9GTwnqMK02tAVAM.jpg
128316,"The Tree, the Mayor and the Mediatheque","[""Comedy""]",1993,http://image.tmdb.org/t/p/w500/vrZ1uIIx8DXPUj2YpwlFYZFFPH.jpg
128318,Charlie Victor Romeo,"[""Documentary"",""Drama"",""Thriller""]",2013,http://image.tmdb.org/t/p/w500/iqfUnL0xnc7F6p0OZMp19Y40TiB.jpg
128320,Monty Python: Almost the Truth - Lawyers Cut,"[""Comedy"",""Documentary""]",2009,http://image.tmdb.org/t/p/w500/7uL7Rbfaalc6DQygRIMsVILTuCr.jpg
128322,Super Duper Alice Cooper,"[""Documentary""]",2014,http://image.tmdb.org/t/p/w500/fY9z85jIk0He2TMXq0GeMszpyCX.jpg
128324,Lunopolis,"[""Sci-Fi""]",2009,http://image.tmdb.org/t/p/w500/aoWThVHZNoa3RtkQz0SMGCmkSZc.jpg
128327,The Mayor of Casterbridge,"[""Drama""]",2003,http://image.tmdb.org/t/p/w500/1fjZSG72n6xt9MDGo82204VsEvh.jpg
128356,Beck - Ã–ga fÃ¶r Ã¶ga,"[""(no genres listed)""]",1998,http://image.tmdb.org/t/p/w500/gs7mAmHm8yFn6H46XlCdLWHQaKQ.jpg
128358,Uuno in Spain,"[""Comedy""]",1985,http://image.tmdb.org/t/p/w500/5JwDqVsLbncy2fzs3oxyuYrI0Eo.jpg
128362,Burn Paris Burn,"[""Animation"",""Fantasy"",""Mystery""]",2009,http://image.tmdb.org/t/p/w500/rgGKHcMi0eIqgVezFlFcn8ZMVLL.jpg
128366,Patton Oswalt: Tragedy Plus Comedy Equals Time,"[""Comedy""]",2014,http://image.tmdb.org/t/p/w500/dc2CECT1fBY2ehHq3OnxrNXF37c.jpg
128369,The Anderssons in Greece: All Inclusive,"[""Children"",""Comedy""]",2012,http://image.tmdb.org/t/p/w500/aKXtv5oJ8a6zjz59kTVVzKXHPyU.jpg
128379,Emergency Squad,"[""Action"",""Thriller""]",1974,http://image.tmdb.org/t/p/w500/fS8qJrE9ssceX5M3CcWkLB0LsBe.jpg
128381,Mark of the Cop,"[""Crime"",""Drama"",""Romance""]",1975,http://image.tmdb.org/t/p/w500/d7OVYcTPtu1pptsFAOnzhERjOAw.jpg
128383,Mark Shoots First,"[""(no genres listed)""]",1975,http://image.tmdb.org/t/p/w500/t2v7D6elL9TwEn4zDqFXl2kXRZ7.jpg
128385,La Legge Violenta Della Squadra Anticrimine,"[""Crime""]",1976,http://image.tmdb.org/t/p/w500/xrrIxKRD3bPLik4mzB7yCOEiVjl.jpg
128387,The Last Round,"[""Action"",""Thriller""]",1976,http://image.tmdb.org/t/p/w500/jfgwr98oqo5x6VZn8YTDnVRSHKc.jpg
128389,The .44 Specialist,"[""Action""]",1976,http://image.tmdb.org/t/p/w500/bpceBhLBbjb1Orxg0dZt2fbQAe4.jpg
128391,Destruction Force,"[""Crime""]",1977,http://image.tmdb.org/t/p/w500/wwBmB8wUR42iv2Gyl8EVxMv0ZdJ.jpg
128393,Highway Racer,"[""(no genres listed)""]",1977,http://image.tmdb.org/t/p/w500/8G7nIPG65zsnqTEQFYrV16VlIhR.jpg
128395,The Iron Commissioner,"[""(no genres listed)""]",1978,http://image.tmdb.org/t/p/w500/gxGEspNZfzpi46lygEIpOARPVbG.jpg
128397,Magnum Cop,"[""Thriller""]",1978,http://image.tmdb.org/t/p/w500/vVt69weLUf8BJA29VEQqXzLMZiQ.jpg
128399,Un Poliziotto Scomodo,"[""Action"",""Crime"",""Thriller""]",1978,http://image.tmdb.org/t/p/w500/9UJrwZ1afkArSePVrNSymB0t1DT.jpg
128401,Hunted City,"[""(no genres listed)""]",1979,http://image.tmdb.org/t/p/w500/c1qsqb5ppT92OeGBqhbik0MHtFF.jpg
128425,Stray Dogs,"[""Drama""]",2014,http://image.tmdb.org/t/p/w500/tDDsH77X4OPh2n26x9lyarQOMoa.jpg
128427,Super Bitch,"[""Action""]",1973,http://image.tmdb.org/t/p/w500/r9r1BeLJEXjxBLBuIDvpNainp4Q.jpg
128429,What Have You Done to Solange?,"[""Crime""]",1972,http://image.tmdb.org/t/p/w500/yQQVRLB2QHV5GCDaQluiLFe5SZ8.jpg
128439,Point and Shoot,"[""Documentary""]",2014,http://image.tmdb.org/t/p/w500/3WUnMgPaPCpFsR9Uf5K31pZGxpS.jpg
128441,Sea Fog,"[""Drama""]",2014,http://image.tmdb.org/t/p/w500/vdZGXhTpfkgIajHtswZYqkXlusF.jpg
128443,La petite reine,"[""Drama""]",2014,http://image.tmdb.org/t/p/w500/xXznQpXioGcMlwC5abWoWd3JOQS.jpg
128445,"Legend of Lizzie Borden, The","[""Drama""]",1975,http://image.tmdb.org/t/p/w500/uEC7eWJRY17mfzz4kodW7zJ67MJ.jpg
128447,Little Accidents,"[""Drama""]",2014,http://image.tmdb.org/t/p/w500/3OgUQ1qMlriMbq5MzLLBWjj3gJK.jpg
128478,A Christmas Kiss,"[""Romance""]",2011,http://image.tmdb.org/t/p/w500/yDNzZCinSSrTRPn0bjeiOjfoU6P.jpg
128488,Wild Card,"[""Crime"",""Drama"",""Thriller""]",2015,http://image.tmdb.org/t/p/w500/cZMjg5fWkhJ1D7MouzZuiB16Hdk.jpg
128490,Flow,"[""Drama""]",2014,http://image.tmdb.org/t/p/w500/u5xVtzzqAr3h1Gil58G107fvQK9.jpg
128504,Lasa y Zabala,"[""(no genres listed)""]",2014,http://image.tmdb.org/t/p/w500/6T0WZO7yf4u3WuC1vyem9nu3Sxm.jpg
128506,Rent-a-Cat,"[""Comedy"",""Drama""]",2012,http://image.tmdb.org/t/p/w500/twteMDZrXSXCh5DxcHsIyAIJEXf.jpg
128508,Valley Of Flowers,"[""Adventure"",""Drama"",""Romance""]",2006,http://image.tmdb.org/t/p/w500/pzjJpUWN7HNZgsfVRpxlKOWN9zA.jpg
128510,Attila Marcel,"[""Comedy"",""Drama""]",2013,http://image.tmdb.org/t/p/w500/29YNjX87qWSRMqVn5Vgpwk1zWdO.jpg
128514,We Cause Scenes,"[""(no genres listed)""]",2014,http://image.tmdb.org/t/p/w500/pZn5kVua9v737YshgDHRCrRkjhL.jpg
128516,Sacred Heart,"[""(no genres listed)""]",2005,http://image.tmdb.org/t/p/w500/vaFVASQBS687ftYWDZX47Tb5tbv.jpg
128518,The Wonders,"[""Drama""]",2014,http://image.tmdb.org/t/p/w500/5BjVV0OqbLhyEswW8drGhQr77P4.jpg
128520,The Wedding Ringer,"[""Comedy""]",2015,http://image.tmdb.org/t/p/w500/u3gLkiOpkNb01r7yvrbbOfBJv3R.jpg
128530,Marilyn: The Untold Story,"[""Documentary""]",1980,http://image.tmdb.org/t/p/w500/7hUUGLnScJCnYZK1cbXtuY5MlYJ.jpg
128534,Naan Kadavul,"[""Action"",""Drama"",""Mystery""]",2009,http://image.tmdb.org/t/p/w500/AhsCA2rGDjF5e4QpQyFr8UW747m.jpg
128536,Ãœvegtigris,"[""Comedy""]",2001,http://image.tmdb.org/t/p/w500/4OqykiRGuYFaQ7ZnaCzBvWf1W9a.jpg
128540,The Gruffalo's Child,"[""Adventure"",""Animation"",""Children"",""Fantasy""]",2011,http://image.tmdb.org/t/p/w500/qaGH2AoaLvoGXURQtNzj1nw6oZd.jpg
128542,Wyrmwood,"[""Action"",""Horror"",""Sci-Fi""]",2015,http://image.tmdb.org/t/p/w500/1HbPDnw0qVphK2EjvQEic0nDFYQ.jpg
128544,Hits,"[""(no genres listed)""]",2014,http://image.tmdb.org/t/p/w500/hAw8hhWt9bZAeXXcYtU8oFARUFS.jpg
128546,Brothers: The Return,"[""Crime"",""Drama"",""Thriller""]",2006,http://image.tmdb.org/t/p/w500/vQqUp6SAvjZuXMVzM4su8t8T10k.jpg
128548,SÃ¤llskapsresan II - Snowroller,"[""Comedy""]",1985,http://image.tmdb.org/t/p/w500/14B64NMNzgAhVPGJdMv4LYblwCz.jpg
128550,SOS - en segelsÃ¤llskapsresa,"[""Comedy""]",1988,http://image.tmdb.org/t/p/w500/vG24KxSPvRdNAIIad3pCvZRTj4y.jpg
128552,JÃ¶nssonligan - Den perfekta stÃ¶ten,"[""Action"",""Adventure"",""Comedy""]",2015,http://image.tmdb.org/t/p/w500/wwwRspsJrDLCidI3E0lui9NAZIp.jpg
128554,Ego,"[""Drama""]",2013,http://image.tmdb.org/t/p/w500/qTu9da97OIW7QhVbTj3W6ZLQxcT.jpg
128556,JÃ¶nssonligan fÃ¥r guldfeber,"[""Comedy""]",1984,http://image.tmdb.org/t/p/w500/2yK1OJAJXkyKsz8lDmfWBWLMeUa.jpg
128558,JÃ¶nssonligan dyker upp igen,"[""Comedy""]",1986,http://image.tmdb.org/t/p/w500/m6OJ6Z1LL5eUG3qHhAR9SKlgHs0.jpg
128560,JÃ¶nssonligan pÃ¥ Mallorca,"[""Comedy""]",1989,http://image.tmdb.org/t/p/w500/6ex6JtXvR5jqEoYCtjdtDDHTLpm.jpg
128562,JÃ¶nssonligan & den svarta diamanten,"[""Comedy""]",1992,http://image.tmdb.org/t/p/w500/s6zwBQHR94qnDbTR2mFJFafm2DG.jpg
128564,JÃ¶nssonligans stÃ¶rsta kupp,"[""Comedy"",""Crime""]",1995,http://image.tmdb.org/t/p/w500/dI9N1fXj7KrnnN2wpG2mx8dZecC.jpg
128566,JÃ¶nssonligan spelar hÃ¶gt,"[""Comedy""]",2000,http://image.tmdb.org/t/p/w500/2bHyRmFIPXJVvwk4NpjLwPEpgoa.jpg
128568,Summer House,"[""Drama""]",2013,http://image.tmdb.org/t/p/w500/paVQIewikIj2h3qS0Oo4BIz3o7Y.jpg
128570,Alla Ã¤lskar Alice,"[""(no genres listed)""]",2002,http://image.tmdb.org/t/p/w500/37HCTqTAEmQFM8zj0sli7ZDDNCS.jpg
128572,Nils Karlsson Pyssling,"[""Children""]",1990,http://image.tmdb.org/t/p/w500/jicYCvLd5K7C4JR7whxNkfia4uG.jpg
128574,Studentfesten,"[""Comedy""]",2013,http://image.tmdb.org/t/p/w500/erwDCxvbhigWsd1qCPk4KEo6B7j.jpg
128576,Kvarteret Skatan reser till Laholm,"[""Comedy""]",2012,http://image.tmdb.org/t/p/w500/5YXKqP8EejS3fwaQS2Lu4OMp4fT.jpg
128578,Once in a Lifetime,"[""Comedy""]",2000,http://image.tmdb.org/t/p/w500/ocMmOASIeyfYeoTPz35qItNpdZN.jpg
128580,RÃ¥narna,"[""Action"",""Crime"",""Thriller""]",2003,http://image.tmdb.org/t/p/w500/c5hmCnpJoLTHoNeOWTFXiOeZ58p.jpg
128582,Kommissarie SpÃ¤ck,"[""Comedy""]",2010,http://image.tmdb.org/t/p/w500/tj7iAM6xCCycRIO7dJYP4tX9Mhv.jpg
128584,"Svensson, Svensson - I nÃ¶d och lust","[""Comedy""]",2011,http://image.tmdb.org/t/p/w500/3QYyUoWdaHWagnitMSBYDrORpOp.jpg
128586,10 000 timmar,"[""Comedy""]",2014,http://image.tmdb.org/t/p/w500/mmoM2VaT34ebxe6QpZPrYqKoLRm.jpg
128588,Lilla JÃ¶nssonligan och Cornflakeskuppen,"[""Children"",""Comedy""]",1996,http://image.tmdb.org/t/p/w500/5q9C7uJHVNFblne37BHZPil6It0.jpg
128590,Lilla JÃ¶nssonligan pÃ¥ styva linan,"[""(no genres listed)""]",1997,http://image.tmdb.org/t/p/w500/A1Jmeq4iH97Gg9SAbMDkKMSyl5m.jpg
128592,The Boy Next Door,"[""Thriller""]",2015,http://image.tmdb.org/t/p/w500/h28t2JNNGrZx0fIuAw8aHQFhIxR.jpg
128594,Boy Meets Girl,"[""Comedy"",""Drama"",""Romance""]",2015,http://image.tmdb.org/t/p/w500/utifkT7g3Rs0ppwn1tczVF4s3sV.jpg
128596,Let My Puppets Come,"[""Comedy""]",1976,http://image.tmdb.org/t/p/w500/pDeSEDmnXppwreAwoPGIocR96lZ.jpg
128598,The Adventure of Faustus Bidgood,"[""Comedy""]",1986,http://image.tmdb.org/t/p/w500/ajgKboJjw27eAMiXW5eQOoPE7wR.jpg
128600,John Doe: Vigilante,"[""Crime"",""Thriller""]",2014,http://image.tmdb.org/t/p/w500/caHxOZs30QhBi6T6WXTaBg7yCWz.jpg
128601,Hearty Paws,"[""Adventure"",""Drama""]",2006,http://image.tmdb.org/t/p/w500/33u2uoXLv9NegrUknNKk1XMXhP8.jpg
128604,Knight of Cups,"[""Drama""]",2015,http://image.tmdb.org/t/p/w500/kCiR0IkR3s4doOoy7GKJTkCnaOV.jpg
128608,Diary of a Chambermaid,"[""Drama""]",2015,http://image.tmdb.org/t/p/w500/wohBIi8rXOjjXKYhaiu7CqUROwY.jpg
128610,Ixcanul Volcano,"[""(no genres listed)""]",2015,http://image.tmdb.org/t/p/w500/75kZFq2P8SjxB5tntk4UO8tY7Or.jpg
128612,Bod,"[""Comedy"",""Drama"",""Mystery""]",2014,http://image.tmdb.org/t/p/w500/lrJuQQZQ7MXZlz0W1kCSCcUpaxx.jpg
128614,Nobody Wants the Night,"[""Drama""]",2015,http://image.tmdb.org/t/p/w500/vazwtf8Y2qX1euQIFrQA5DDOkUt.jpg
128616,As We Were Dreaming,"[""(no genres listed)""]",2015,http://image.tmdb.org/t/p/w500/2nDb5nhhRq7lz01Aa0eaBNj9PpT.jpg
128618,Cloud 9,"[""Drama"",""Romance""]",2008,http://image.tmdb.org/t/p/w500/b3QgiPOQDM6NC7BArKIHflBuyWG.jpg
128622,Heavenly Forest,"[""Drama"",""Romance""]",2006,http://image.tmdb.org/t/p/w500/t3qjXkRMgJ1gSFeVueDksmDvVVg.jpg
128624,Petting Zoo,"[""(no genres listed)""]",2015,http://image.tmdb.org/t/p/w500/gUtbuzQSkzG4Y5IKINEcBiJNokI.jpg
128626,The Golden Cage,"[""Drama""]",2013,http://image.tmdb.org/t/p/w500/lsq0p9Oyj3gX8kLGXhC3BtjzSR4.jpg
128628,Ainoat Oikeat,"[""Comedy""]",2013,http://image.tmdb.org/t/p/w500/kR6DRf0RlcVCcsNkNWewgZ3z53r.jpg
128632,Home Sweet Hell,"[""Comedy"",""Drama""]",2015,http://image.tmdb.org/t/p/w500/pFKQZliM8kTv0cGSbvOaCfptUHk.jpg
128634,Invisible Ghost,"[""Action"",""Horror"",""Mystery"",""Thriller""]",1941,http://image.tmdb.org/t/p/w500/hwaqOtvuDh6uMJqRE6YiYvybX5M.jpg
128642,Everybody Wins,"[""Drama"",""Mystery"",""Thriller""]",1990,http://image.tmdb.org/t/p/w500/cLWz9PszZoKLOerQgwIrZ8ST6o6.jpg
128648,Jamie Marks Is Dead,"[""Drama"",""Thriller""]",2014,http://image.tmdb.org/t/p/w500/qtSukCCwn0zlcEPkyWSOBFp5hQM.jpg
128656,Slam Dance,"[""Thriller""]",1987,http://image.tmdb.org/t/p/w500/2Ea73Qlz3Hn7RWXHbUoAAkdZpb9.jpg
128661,The Man Who Wouldn't Die,"[""Crime"",""Drama"",""Thriller""]",1994,http://image.tmdb.org/t/p/w500/88FFhHCyYS5nBiUeAUkHdEKBr0F.jpg
128665,Shepherd,"[""Sci-Fi""]",1999,http://image.tmdb.org/t/p/w500/xg6bziN7BuizwnJc4vtF4RkpU2u.jpg
128669,Wild Geese II,"[""Action""]",1985,http://image.tmdb.org/t/p/w500/cPWVnUhwTJzM5blBzQEqXaS09rB.jpg
128671,Timbuktu,"[""Drama""]",2014,http://image.tmdb.org/t/p/w500/pSRi8yXxCyJaFkWi3xtdDNVtxBD.jpg
128673,Casting Couch,"[""(no genres listed)""]",2013,http://image.tmdb.org/t/p/w500/dPfessKkvouC0sQ95azsqctRKbX.jpg
128675,Hollow Point,"[""Action"",""Comedy"",""Thriller""]",1996,http://image.tmdb.org/t/p/w500/eQbvWCY9J1wVdAneDnAbbFR1OO8.jpg
128677,Zeder,"[""Horror""]",1983,http://image.tmdb.org/t/p/w500/vSpMhoPqBcIzGcwiYjMSrPLUFXm.jpg
128679,The Year Without a Santa Claus,"[""Animation"",""Children""]",1974,http://image.tmdb.org/t/p/w500/fNpBQ8mAIG4wUs4DQWwVNTxA2rc.jpg
128681,From Morn to Midnight (Von morgens bis Mitternacht),"[""Crime"",""Drama""]",1922,http://image.tmdb.org/t/p/w500/ripPHXpLJ16oongRQstvD9YWSKv.jpg
128684,Artifact,"[""Documentary""]",2012,http://image.tmdb.org/t/p/w500/qNLF5sxAjSb2QPj0rXM3z0sUDOT.jpg
128686,Sputnik,"[""(no genres listed)""]",2013,http://image.tmdb.org/t/p/w500/3uPGBqNPXQmH4DIM3DpYqvgwQ0V.jpg
128688,Kolmistaan,"[""Drama"",""Romance""]",2008,http://image.tmdb.org/t/p/w500/oi6evxgpHrliGWibG9kwmuSe7MH.jpg
128690,Adult Camp,"[""Comedy""]",2015,http://image.tmdb.org/t/p/w500/te6Jj0ABmvrmPegxi9eDP1FO4O6.jpg
128693,Expecting a Miracle,"[""Drama""]",2009,http://image.tmdb.org/t/p/w500/rp5zjYXjps6mQw57Gs8UDF4PeBd.jpg
128695,The Dark Valley,"[""Western""]",2014,http://image.tmdb.org/t/p/w500/7jaM7oeqwC4PpqEyaJPteWSNGov.jpg
128711,Green Ice,"[""Adventure"",""Romance""]",1981,http://image.tmdb.org/t/p/w500/imMU49byXlTGEmrgLA1A69kexiV.jpg
128715,Eloise at the Plaza,"[""Children"",""Comedy"",""Mystery""]",2003,http://image.tmdb.org/t/p/w500/hNitiLVNQnoPbwWhEIir0o8M558.jpg
128717,One Last Hug,"[""Documentary""]",2014,http://image.tmdb.org/t/p/w500/rCxA8P4DC1wJmguYBEKEyMjziQF.jpg
128721,Vesna va veloce,"[""Drama""]",1996,http://image.tmdb.org/t/p/w500/wCO0vKjjYLzOk9me7kCgSSZxlnd.jpg
128723,James Dean,"[""Drama""]",2001,http://image.tmdb.org/t/p/w500/9RZ4LZYOqtTQWoP7a1jUgXi752e.jpg
128725,Eloise at Christmastime,"[""Children"",""Comedy"",""Drama""]",2003,http://image.tmdb.org/t/p/w500/oiqQzWoRWL3tIXpaM1848MwcttI.jpg
128727,Bizarre,"[""(no genres listed)""]",2015,http://image.tmdb.org/t/p/w500/6hoRpmd8OcqBHTWCkrTi8ryWV9V.jpg
128736,I'm Here,"[""Drama""]",2010,http://image.tmdb.org/t/p/w500/dhr3hTdj2guHGAnmyhnJnCimjn4.jpg
128738,Rigoletto,"[""Drama""]",1993,http://image.tmdb.org/t/p/w500/5wds2rnsMVgYUNaAtaxhwzMO2FG.jpg
128740,Closure,"[""Documentary""]",2013,http://image.tmdb.org/t/p/w500/xULl8qJ3aMe8P7MTZMCWYdzBmwr.jpg
128768,Angel's Leap,"[""Crime""]",1971,http://image.tmdb.org/t/p/w500/eCYEKuqlqttf6n6PZpqAm9mVL41.jpg
128770,Cran d'arrÃªt,"[""Crime"",""Mystery"",""Thriller""]",1970,http://image.tmdb.org/t/p/w500/1o7jy7SDwCAe6afG5PBbza3Y2da.jpg
128792,The Joy of Living,"[""Comedy""]",1961,http://image.tmdb.org/t/p/w500/YqMgWhQyayuFfB3UG0qNOgIo0l.jpg
128810,Scandali nudi,"[""(no genres listed)""]",1968,http://image.tmdb.org/t/p/w500/2DHkh8BNzARVfWxhiHWwVzLg370.jpg
128812,Drew: The Man Behind the Poster,"[""Documentary""]",2013,http://image.tmdb.org/t/p/w500/sU4JyyNzV9IkmXWuVFwnRAr4sG2.jpg
128826,Nick the Sting,"[""Action"",""Crime"",""Thriller""]",1976,http://image.tmdb.org/t/p/w500/bklS20rjK74mzfY3DDWWTRjhfZV.jpg
128830,Plastic Bag,"[""Drama""]",2009,http://image.tmdb.org/t/p/w500/kJwDoVY96Xbk1aVldBTedKsAT6X.jpg
128832,The Last Five Years,"[""Comedy"",""Drama"",""Musical"",""Romance""]",2014,http://image.tmdb.org/t/p/w500/q9eIWmcL7GGjZQwjfINQuqLBJRM.jpg
128834,Naked,"[""Comedy""]",2000,http://image.tmdb.org/t/p/w500/nQOwrIzP8Bh9xHkL97miLMUqsJd.jpg
128836,The Ghosts in Our Machine,"[""Documentary""]",2013,http://image.tmdb.org/t/p/w500/i214UXhjNSS12IIwRqc0zqjw0f5.jpg
128842,Dragonheart 3: The Sorcerer's Curse,"[""Action"",""Adventure"",""Fantasy""]",2015,http://image.tmdb.org/t/p/w500/weZV8fBcCMDvU5PIQ19w4gPOChD.jpg
128844,12:01 PM,"[""Sci-Fi""]",1990,http://image.tmdb.org/t/p/w500/aBvCfhFad3AVN7iOFrr9bPNDwjG.jpg
128846,An Evening with Robin Williams,"[""Comedy""]",1982,http://image.tmdb.org/t/p/w500/s9Kipq8t1gM5XUN8UDU6VVlc3wW.jpg
128848,The Big One: The Great Los Angeles Earthquake,"[""Drama""]",1990,http://image.tmdb.org/t/p/w500/kjsEsethWQLfq6ySStL3jrqtu07.jpg
128850,Bride of Boogedy,"[""Adventure"",""Children"",""Drama"",""Western""]",1987,http://image.tmdb.org/t/p/w500/3ZoBcUjUmDrAJimNwKG8jcDrzvo.jpg
128852,Chris Rock: Bigger & Blacker,"[""Comedy""]",1999,http://image.tmdb.org/t/p/w500/3GcZr9RaJg9MSI0XwcNuTxXLg44.jpg
128854,Chris Rock: Bring the Pain,"[""Comedy""]",1996,http://image.tmdb.org/t/p/w500/80fCxAEifDh9uoStcUq0Wy5dZdi.jpg
128856,Crockdale,"[""Drama""]",2011,
128858,Wasteland,"[""Drama""]",1960,http://image.tmdb.org/t/p/w500/iv6hNoHr9A7Z96MaKqeycwGwfbR.jpg
128860,Beau Brummell: This Charming Man,"[""Drama""]",2006,http://image.tmdb.org/t/p/w500/4h3ABkwOivhbSxtCSlKNCqS6FHr.jpg
128862,Casanova,"[""Comedy"",""Drama"",""Romance""]",2005,http://image.tmdb.org/t/p/w500/aLWQlJ6dMZMKxurOqsVbO5ICKTT.jpg
128864,Four Sahibjade,"[""Animation""]",2014,http://image.tmdb.org/t/p/w500/c3q6v5JbLxRcsmgHSBxsoxeLV5c.jpg
128866,Queen of the Mountains,"[""Action"",""Drama""]",2014,http://image.tmdb.org/t/p/w500/nHlXLkhoYGxHKF1YoO5N79qK45s.jpg
128868,The Chaos Class Failed the Class,"[""Comedy""]",1976,http://image.tmdb.org/t/p/w500/kUUmpQKYkr5qv0QJlwsSv2ulfIe.jpg
128870,Yesterday,"[""Drama""]",1988,http://image.tmdb.org/t/p/w500/fAaCImHbw8dGcL0vZHVKUKql0rx.jpg
128872,Love is God,"[""Adventure"",""Comedy"",""Drama""]",2003,http://image.tmdb.org/t/p/w500/cMdGjHTkRjDwhD9XZQdiPLu7VwZ.jpg
128874,The Moromete Family,"[""Drama""]",1987,http://image.tmdb.org/t/p/w500/jUHF6GhAStuSpSPyPyrTgCmug4o.jpg
128876,"Saban, Son of Saban","[""Comedy"",""Crime"",""Mystery""]",1977,http://image.tmdb.org/t/p/w500/caL7Y5gi57HVGn39xxp6AoyPHNE.jpg
128878,1,"[""Action"",""Mystery"",""Romance""]",2014,http://image.tmdb.org/t/p/w500/yeKC1QB6VAweNss8QvbvrWpo3tZ.jpg
128880,Bey Yaar,"[""Children"",""Comedy"",""Drama""]",2014,http://image.tmdb.org/t/p/w500/bBkwsYEYyF6CXNf6w1tjJ0bWXWF.jpg
128886,Love at the Top,"[""Comedy"",""Drama""]",1974,http://image.tmdb.org/t/p/w500/nAu8lg3XIneKZy73hrKsIdaPwgi.jpg
128898,Life's a Breeze,"[""Comedy"",""Drama""]",2013,http://image.tmdb.org/t/p/w500/42oANXTXip0G8GtYcQnrBUh976W.jpg
128900,The Natural Love,"[""Documentary""]",1996,http://image.tmdb.org/t/p/w500/7U5SD9pk3tYI0eWmxSsJJHbBcKP.jpg
128902,The Forgotten Space,"[""Documentary""]",2010,http://image.tmdb.org/t/p/w500/3crADrJnlYPEDB3Cho0clftZF78.jpg
128904,The Runner from Ravenshead,"[""Children""]",2010,
128906,Plato's Academy,"[""Comedy"",""Drama""]",2009,http://image.tmdb.org/t/p/w500/gnXx97nxhIOlV9uwRnyNTcuWeIN.jpg
128908,Cloudburst,"[""Adventure"",""Comedy"",""Drama""]",2011,http://image.tmdb.org/t/p/w500/sloHjsIpzGSom3bbORIChcjAT9v.jpg
128910,A One-Way Trip to Antibes,"[""Drama""]",2011,http://image.tmdb.org/t/p/w500/mYYvLxBoxcXxFsqejeKi6u8Ojr6.jpg
128912,Mike Birbiglia: My Girlfriend's Boyfriend,"[""Comedy""]",2013,http://image.tmdb.org/t/p/w500/3GUVutbw0SZ7eg3TRt3IoQsiHwf.jpg
128914,Tom Segura: Completely Normal,"[""Comedy""]",2014,http://image.tmdb.org/t/p/w500/wAzTNknh5Ktzn36bqmDjJldGPFC.jpg
128916,The Indifferent Beauty,"[""(no genres listed)""]",1957,http://image.tmdb.org/t/p/w500/tnLdumBDbQQiNb1ZrlERO243EN3.jpg
128918,Mike Birbiglia: What I Should Have Said Was Nothing,"[""Comedy""]",2008,http://image.tmdb.org/t/p/w500/gTH47PlDUCloGj0Xcqy0gFa8iS1.jpg
128920,Heads,"[""Comedy"",""Crime""]",1994,http://image.tmdb.org/t/p/w500/uLY2oCbOci0oluUMJ5pXNHbBzk4.jpg
128922,Heckler,"[""Comedy"",""Documentary""]",2007,http://image.tmdb.org/t/p/w500/n3uZEZVlPmgJz3Pnijz94sw69Ao.jpg
128924,The 'High Sign',"[""Comedy""]",1921,http://image.tmdb.org/t/p/w500/gfm1qL4of2ZjVxeL1RLRprALlKN.jpg
128942,Hollywood Between Paranoia and Sci-Fi. The Power of Myth,"[""Documentary""]",2011,
128944,"Honey, We Shrunk Ourselves","[""Action"",""Adventure"",""Children"",""Comedy"",""Sci-Fi""]",1997,http://image.tmdb.org/t/p/w500/9QNAFB9apYxxGPa2F7BsiREMUA4.jpg
128946,Hotel Hell Vacation,"[""Comedy""]",2010,http://image.tmdb.org/t/p/w500/rSnhZupZv1FLy8jTZyWck09nG85.jpg
128948,"Standing Aside, Watching","[""Drama""]",2013,http://image.tmdb.org/t/p/w500/tndUIlOYWeHhpvtubfAyOZbxaFB.jpg
128950,Kinetta,"[""Drama""]",2005,http://image.tmdb.org/t/p/w500/fmtR2hXcsDb8IKszVrlVlwKp3gX.jpg
128952,House IV,"[""Fantasy"",""Horror"",""Thriller""]",1992,http://image.tmdb.org/t/p/w500/b371ZAiwMHfxsgTlKUKvGfmcq6l.jpg
128954,I Love Sarah Jane,"[""Horror"",""Romance""]",2008,http://image.tmdb.org/t/p/w500/vZMAi5iQgCE9HRKXm0WKcIv3Tc4.jpg
128960,Sugarbaby,"[""Comedy""]",1985,http://image.tmdb.org/t/p/w500/j0N5amCMfhBDkDHIXQHJDyJvWdF.jpg
128968,Stitch! The Movie,"[""Animation"",""Children"",""Comedy""]",2003,http://image.tmdb.org/t/p/w500/rRcURWfP7jFJrRLSpa9YN0eZ2Cc.jpg
128971,Phantom Pain,"[""Drama""]",2009,http://image.tmdb.org/t/p/w500/z2BDk5gZmDXneUZ95v4ErAo0bGa.jpg
128973,The Invisible Frame,"[""Documentary""]",2009,http://image.tmdb.org/t/p/w500/s2o2dCbnWiSz0Dha5FaV2Fa6ir6.jpg
128975,Hot Tub Time Machine 2,"[""Comedy"",""Sci-Fi""]",2015,http://image.tmdb.org/t/p/w500/tQtWuwvMf0hCc2QR2tkolwl7c3c.jpg
128977,"She No Longer Talks, She Shoots","[""Comedy""]",1972,http://image.tmdb.org/t/p/w500/7iQqZF4U6vEGlLUwPnlRgBQTRs6.jpg
128981,Music for One Apartment and Six Drummers,"[""Comedy""]",2001,http://image.tmdb.org/t/p/w500/aI3aJx0XDqHGF9ksyXOGP9QzJgo.jpg
128985,The Stone Council,"[""Adventure"",""Crime"",""Drama"",""Fantasy"",""Mystery"",""Thriller""]",2006,http://image.tmdb.org/t/p/w500/8bHcBclhm8JLqI0vfJRpyMTxYtR.jpg
128987,Lascars,"[""Animation"",""Comedy""]",2009,http://image.tmdb.org/t/p/w500/2M0syt6STTl6zZV4n1E0HwhF0Vk.jpg
128989,The French Kissers,"[""Comedy""]",2009,http://image.tmdb.org/t/p/w500/3uhv3zclCdgWmnMbHtRQ4OtJwIV.jpg
128991,Johnny Express,"[""Animation"",""Comedy"",""Sci-Fi""]",2014,http://image.tmdb.org/t/p/w500/1miZmhYarFGqyV9N5XuqrRBN4fG.jpg
129003,Up in the Wind,"[""Comedy""]",2013,http://image.tmdb.org/t/p/w500/52fH4W83XIaD5BuvCP1uHjmYVMH.jpg
129009,"Getting Go, the Go Doc Project","[""Drama""]",2013,http://image.tmdb.org/t/p/w500/aKzI4OPlHLcPOKAFHZbLZP7uCVC.jpg
129011,Eddie Izzard: Glorious,"[""Comedy""]",1997,http://image.tmdb.org/t/p/w500/ub8d4LNtfwfibUclk89KDNQJx5k.jpg
129013,Eddie Izzard: Circle,"[""Comedy""]",2002,http://image.tmdb.org/t/p/w500/hjjmaUrFnCQaIt9xhe0c3mZN5iZ.jpg
129015,Secrets of Eden,"[""Drama"",""Mystery"",""Thriller""]",2012,http://image.tmdb.org/t/p/w500/jg3NwWcLRHjkK6XVHPQ3vuBzZH8.jpg
129017,The Man in the Orange Jacket,"[""Horror"",""Mystery"",""Thriller""]",2014,http://image.tmdb.org/t/p/w500/zVdsL9plmqplEI5bv7kNKOBWSgs.jpg
129021,Perez.,"[""Crime"",""Drama"",""Thriller""]",2014,http://image.tmdb.org/t/p/w500/8J23sLEJLXzncmNvdS93qh2ljPO.jpg
129030,The Coven,"[""Fantasy"",""Horror""]",2015,http://image.tmdb.org/t/p/w500/4TtvXHiypiUL9JfdQnnhiFm2mVb.jpg
129032,Sense & Sensibility,"[""Drama"",""Romance""]",2008,http://image.tmdb.org/t/p/w500/5EqkvQ3zqDrtUOh2mIkfJQCzVus.jpg
129034,Serving Life,"[""Documentary""]",2011,
129036,People of the Wind,"[""Documentary""]",1976,http://image.tmdb.org/t/p/w500/w2p1NPyjbVKWkL2oUJS9NPtxqf0.jpg
129056,Lost and Found,"[""(no genres listed)""]",1979,http://image.tmdb.org/t/p/w500/VXdgLjCY3m6lxMVzQ2fiqVSUDe.jpg
129064,Joanna,"[""Documentary""]",2013,http://image.tmdb.org/t/p/w500/rHsztx4Ft3fCrgoQFC7lz97lW5e.jpg
129066,Our Curse,"[""Documentary""]",2014,http://image.tmdb.org/t/p/w500/3SyK1mcRWjPVzCoDtn6UgtflSc4.jpg
129068,Banklady,"[""Action"",""Crime"",""Drama"",""Romance""]",2013,http://image.tmdb.org/t/p/w500/bjXfyl2TdoBf9Wm8H6EPggL1gbz.jpg
129078,Tokyo FiancÃ©e,"[""(no genres listed)""]",2015,http://image.tmdb.org/t/p/w500/zhescQuLgQF8GJlej5OQvBU5EWt.jpg
129080,La montaÃ±a rusa,"[""Comedy"",""Romance""]",2012,http://image.tmdb.org/t/p/w500/m5Gfovs3agdVYidF7qTHOiOKEkl.jpg
129185,The Testimony,"[""(no genres listed)""]",1946,http://image.tmdb.org/t/p/w500/2XqT2isiQRgYmyf0NDs52GNoI56.jpg
129187,Lost Youth,"[""(no genres listed)""]",1948,http://image.tmdb.org/t/p/w500/8gQT2zNufWv1UtO4hKF8mEJkHSP.jpg
129189,The Sea That Thinks,"[""(no genres listed)""]",2000,http://image.tmdb.org/t/p/w500/aoJuyhcthfduNlx47iTzwzuM8P4.jpg
129191,The Clowns,"[""Comedy"",""Drama"",""Fantasy"",""Sci-Fi""]",1970,http://image.tmdb.org/t/p/w500/plILcNuKlc7IxwzxYfHKhO9qdNB.jpg
129201,The Time Being,"[""Mystery""]",2012,http://image.tmdb.org/t/p/w500/rRxqyRa5nABmwqK8IbpQJqBFQdg.jpg
129227,Out of Nature,"[""(no genres listed)""]",2014,http://image.tmdb.org/t/p/w500/qRRRL5R4QnziOZDFIKzb81oih9l.jpg
129233,Believe Me,"[""Comedy"",""Drama""]",2014,http://image.tmdb.org/t/p/w500/iSp7EVRLsTdd6CaKCvi6wCkMfqt.jpg
129235,Les Invisibles,"[""Documentary""]",2012,http://image.tmdb.org/t/p/w500/gS4t017mo3CAKPNt0cs3c8vxsTT.jpg
129239,The Monkey Hustle,"[""Action""]",1976,http://image.tmdb.org/t/p/w500/3MLSxGAtcNWUoOAgtbIdaVJ9XsJ.jpg
129241,Tis kakomoiras,"[""Comedy""]",1963,http://image.tmdb.org/t/p/w500/5PBzxuNzo1n0O6DF4x9G2eQhGXV.jpg
129243,Afstiros katallilo,"[""Comedy""]",2008,http://image.tmdb.org/t/p/w500/AkjzdgSVZlok7IT993L0sjsWciE.jpg
129245,Loaf and Camouflage,"[""Comedy""]",1984,http://image.tmdb.org/t/p/w500/pPq6TcUKB3DyBZcdGfNzfe5fixH.jpg
129248,Exhibition,"[""Drama""]",2013,http://image.tmdb.org/t/p/w500/6cW2b5Qkvhgm52T7hRrBytYXVsj.jpg
129274,Police Python 357,"[""Thriller""]",1976,http://image.tmdb.org/t/p/w500/umrxEloyCX03f0mamXZfbZbUyJo.jpg
129285,The Do-Deca-Pentathlon,"[""Comedy""]",2012,http://image.tmdb.org/t/p/w500/lm1sWbbOAaJZbSGvMCnskBHGtgv.jpg
129289,Adios Carmen,"[""Drama""]",2013,http://image.tmdb.org/t/p/w500/g088PFbQaW7oF6cOvfyNFR2UNRa.jpg
129291,Zero,"[""Drama""]",2012,http://image.tmdb.org/t/p/w500/6K6xVlWqIogxMkDQhCbLDDyz7Xm.jpg
129293,Bandaged,"[""Thriller""]",2009,http://image.tmdb.org/t/p/w500/dyULxERZvmO6chdeKovPJuTYQok.jpg
129295,A Gun for Jennifer,"[""Crime"",""Drama"",""Thriller""]",1997,http://image.tmdb.org/t/p/w500/1j4gjEDmfMiAlc4pXIJIL7ecxzh.jpg
129299,Effie Gray,"[""Drama""]",2014,http://image.tmdb.org/t/p/w500/bg2zCUhk3YDH8XvMX1hNvmu4Czg.jpg
129303,Camp,"[""Drama""]",2013,http://image.tmdb.org/t/p/w500/f1ndfCyaegnpBW6mqI0cTflhCHt.jpg
129305,Pretty Things,"[""Drama""]",2001,http://image.tmdb.org/t/p/w500/xqYAjNsnrd4LVfC0NF2POkSHpdl.jpg
129307,Wu yen,"[""Comedy"",""Fantasy""]",2001,http://image.tmdb.org/t/p/w500/lM7CCrZOZMFCBQAAhpS5qPfi6Ge.jpg
129309,Sexual Predator,"[""Thriller""]",2001,http://image.tmdb.org/t/p/w500/eteKUUiLxnLhqElNOMzjUruMwKf.jpg
129311,Broken Bridges,"[""Drama""]",2006,http://image.tmdb.org/t/p/w500/nTrUwQByPhNlio1TlpEK18puzVS.jpg
129313,Reality,"[""Comedy""]",2014,http://image.tmdb.org/t/p/w500/aoWKnpWPX4oERIOkqPa9zIVkeuh.jpg
129335,A Summer in La Goulette,"[""Comedy"",""Drama""]",1996,http://image.tmdb.org/t/p/w500/oHYEZlEORyTN86zCl8Gjg3T43uN.jpg
129337,Schtonk!,"[""Comedy""]",1992,http://image.tmdb.org/t/p/w500/nhcbyqalhtDbbhnoKCYZdtOIRHk.jpg
129340,"Norte, the End of History","[""Drama""]",2013,http://image.tmdb.org/t/p/w500/w3wKV5jD616xMCJI3IeYasHT49q.jpg
129342,Han Gong-ju,"[""Drama""]",2013,http://image.tmdb.org/t/p/w500/eSQDM6cbebBA1RIhrc5kMXVHdnj.jpg
129344,Hysteria: The Def Leppard Story,"[""Drama""]",2001,http://image.tmdb.org/t/p/w500/nQEbKnU5CriPG9wuKriZl52zg7K.jpg
129346,The Package,"[""Action""]",2012,http://image.tmdb.org/t/p/w500/7ZKjospq70ZGE4XN49wgcXPI9kC.jpg
129348,A Short History of Decay,"[""Comedy""]",2014,http://image.tmdb.org/t/p/w500/bFTeE3HZyA7cTAGjOOZTwGdvyL.jpg
129350,Hansel & Gretel Get Baked,"[""Comedy"",""Horror""]",2013,http://image.tmdb.org/t/p/w500/wCac5TdtOz8LylniJN13nl21Cb4.jpg
129352,Freeheld,"[""Documentary""]",2007,http://image.tmdb.org/t/p/w500/f0Q4nbVW2hSiSI7sKkFAeKEfVtE.jpg
129354,Focus,"[""Comedy"",""Crime"",""Drama"",""Romance""]",2015,http://image.tmdb.org/t/p/w500/9IElGiLkxPLUWZ3avy31bNSG3Tq.jpg
129358,The Gamers,"[""Adventure"",""Comedy"",""Fantasy""]",2002,http://image.tmdb.org/t/p/w500/5uRnjxNX8DCmLyvYiqLfpdaeqEs.jpg
129360,Garage Sale Mystery,"[""Drama""]",2013,http://image.tmdb.org/t/p/w500/kKKugURoPjfH0Qhfo0TJYm6bm9D.jpg
129362,Merchants of Doubt,"[""Documentary""]",2014,http://image.tmdb.org/t/p/w500/4Gl5DtyzbSqqinnB9HTzhOEcTgO.jpg
129370,"SpongeBob Movie: Sponge Out of Water, The","[""Adventure"",""Animation"",""Children"",""Comedy""]",2015,http://image.tmdb.org/t/p/w500/9wChSuUoQDiBKUnGTcYMkzRha60.jpg
129372,Demonic,"[""Horror"",""Thriller""]",2015,http://image.tmdb.org/t/p/w500/9pzzhnrLuPJXX2JpqSTZHrrbIhd.jpg
129378,What Have They Done to Your Daughters?,"[""Mystery"",""Romance"",""Thriller""]",1974,http://image.tmdb.org/t/p/w500/mChUYWCz4pnlhxNBwAFUQeAdx4x.jpg
129389,Heavy Petting,"[""Documentary""]",1989,http://image.tmdb.org/t/p/w500/8jmCuZJrLHv4k3R4lk7v33mktO9.jpg
129391,If You Don't Stop It... You'll Go Blind!!!,"[""Comedy""]",1975,http://image.tmdb.org/t/p/w500/aF27eqLoBxsRuNn6Yk4qHefyqFy.jpg
129393,In God We Teach,"[""Documentary""]",2011,http://image.tmdb.org/t/p/w500/8P3nC00mAXTkiT6MrwZqbgZvYVj.jpg
129395,Into the Deep,"[""Documentary"",""IMAX""]",1994,http://image.tmdb.org/t/p/w500/6rzgFhJ6GwS3v4EUvRcpdfCxBHI.jpg
129397,Marvel One-Shot: Item 47,"[""Action"",""Fantasy"",""Sci-Fi""]",2012,http://image.tmdb.org/t/p/w500/i8i7xHztK5fb4ZXQ6BhOEwmnpQj.jpg
129399,Jim Carrey: Unnatural Act,"[""Comedy"",""Documentary""]",1991,http://image.tmdb.org/t/p/w500/b50eXY6UvbvqOKG1w21Fzevgg5s.jpg
129401,Kevin Smith: Sold Out - A Threevening with Kevin Smith,"[""Comedy"",""Documentary""]",2008,http://image.tmdb.org/t/p/w500/uMQy0ojGlKhhgTZfSZkyThv4W4H.jpg
129403,Lady Dragon,"[""Action"",""Drama""]",1992,http://image.tmdb.org/t/p/w500/pnJGskprXKgiHnbmJoOgCV01Dpp.jpg
129405,Tomie: Unlimited,"[""Horror""]",2011,http://image.tmdb.org/t/p/w500/qtuSoIYpCFnpXSN79AM4RBlHsDF.jpg
129407,Male Domination,"[""Documentary""]",2009,http://image.tmdb.org/t/p/w500/lKbcuerRURce5xTcRSnrL7xGBfK.jpg
129409,Foon,"[""Comedy""]",2005,http://image.tmdb.org/t/p/w500/iWEuDLIkebHN0iqLItElncjv41S.jpg
129411,The Confessions of Bernhard Goetz,"[""Crime"",""Documentary""]",1987,
129413,In the Name of the Law,"[""Drama""]",1949,http://image.tmdb.org/t/p/w500/jt93JF3NzqOZjsUJduaC5qtdPeS.jpg
129415,The Magic Flute,"[""Drama"",""Musical"",""Romance""]",2006,http://image.tmdb.org/t/p/w500/n1eY8wjsyMkx6O0QukDDsDGJzMf.jpg
129417,Four Ways Out,"[""Crime"",""Drama""]",1951,http://image.tmdb.org/t/p/w500/xIgsM6SQasQKRKaw6XCl5AZ47pr.jpg
129419,The Facts of Murder,"[""Crime"",""Drama""]",1959,http://image.tmdb.org/t/p/w500/tUWPxmLvywlFayIwK4pT7vLlhHO.jpg
129421,Jealousy,"[""Drama""]",1953,http://image.tmdb.org/t/p/w500/uYUNvn09SBfNknBRyhDN2GIEk15.jpg
129425,"Throw Away Your Books, Rally in the Streets","[""Drama""]",1971,http://image.tmdb.org/t/p/w500/gyR5IZm1F2TNK0XNhvZvjGYvMmy.jpg
129428,The Second Best Exotic Marigold Hotel,"[""Comedy"",""Drama""]",2015,http://image.tmdb.org/t/p/w500/4W6pi5wHMofabRSchK730mjrbQY.jpg
129430,Murder on Monday,"[""Crime"",""Drama"",""Mystery""]",1952,http://image.tmdb.org/t/p/w500/lrls5QFVCGUH9WnbaMn6KtZc5m0.jpg
129432,Love and Bullets,"[""Crime"",""Drama""]",1979,http://image.tmdb.org/t/p/w500/pB4Bfso3SrNSViUIKTttkevyG9I.jpg
129435,Piggy,"[""Thriller""]",2012,http://image.tmdb.org/t/p/w500/1iGMCMla4zs3PQ9C0uo9fQrSi0n.jpg
129437,Ugly,"[""Mystery"",""Thriller""]",2013,http://image.tmdb.org/t/p/w500/ot4P1XRuHsCDHEdJM1AndT0v8nh.jpg
129443,Thank You a Lot,"[""Drama""]",2014,
129445,The Party,"[""Drama""]",1990,http://image.tmdb.org/t/p/w500/lH9lfTTWnEeMMbNdKTTyp3xcbvC.jpg
129447,Legalese,"[""Crime"",""Drama"",""Romance""]",1998,http://image.tmdb.org/t/p/w500/2rN88lgz1qX2iRI73tD8XwEo6xv.jpg
129449,Little Sister,"[""Comedy""]",1992,http://image.tmdb.org/t/p/w500/yGaffLjWSQ54AYO9KFBxgxdD58I.jpg
129451,Ingenious,"[""Comedy"",""Drama"",""Romance""]",2009,http://image.tmdb.org/t/p/w500/xawXqdVDVga9DlhMepIchcuINo1.jpg
129454,JFK: The Smoking Gun,"[""Documentary""]",2013,http://image.tmdb.org/t/p/w500/klPBNMMbb2fjBV4k7LWn7d5jDlI.jpg
129456,The Legend of Bloody Jack,"[""Horror""]",2007,http://image.tmdb.org/t/p/w500/4PPVnQWmHwok0eZVoh9EV1pHnoW.jpg
129460,Charleston,"[""Comedy""]",1977,http://image.tmdb.org/t/p/w500/xHy9dTJWLNcurf9XBYAvCI2vT6p.jpg
129474,Bachelor Party Vegas,"[""Adventure"",""Comedy""]",2006,http://image.tmdb.org/t/p/w500/2vP79BUg1JQ0rtlqPB9BQZUJ9wB.jpg
129476,A Fugitive from the Past,"[""Crime"",""Drama"",""Mystery""]",1965,http://image.tmdb.org/t/p/w500/lRQiEXQhmLgstZow1kYehYqrn2l.jpg
129478,A Blank on the Map,"[""Documentary""]",1971,
129506,Sherlock Holmes and the Masks of Death,"[""Mystery""]",1984,http://image.tmdb.org/t/p/w500/60yIWCzUO2MmayrU48oiEyqJmZ7.jpg
129510,Vuonna 85,"[""Comedy""]",2013,http://image.tmdb.org/t/p/w500/h3NxvsExR1S6wMDKL6wrFcjDYJw.jpg
129512,Teen Spirit,"[""Comedy""]",2007,http://image.tmdb.org/t/p/w500/fqpPMy12rYRmAbNKuDj4RTmiGne.jpg
129514,George Carlin: It's Bad for Ya!,"[""Comedy""]",2008,http://image.tmdb.org/t/p/w500/qRKCt403iRtcIgBDzWCiPln4fUz.jpg
129516,Poison,"[""Comedy""]",1951,http://image.tmdb.org/t/p/w500/rlNvVXOp2rpvDPh5ozeEAxOUe70.jpg
129518,Forgive Me,"[""Comedy""]",2006,http://image.tmdb.org/t/p/w500/ljbF7CqjBS1o5k3VUNckthAVYBu.jpg
129520,Papa,"[""Comedy"",""Drama""]",2005,http://image.tmdb.org/t/p/w500/8xVOEj11WMlIEbpLRqISSpVlIjW.jpg
129522,Letters from a Killer,"[""Crime"",""Drama"",""Mystery"",""Thriller""]",1998,http://image.tmdb.org/t/p/w500/aDdE9x1IU8nKpstxbfTEj5o8I5P.jpg
129524,Je m'appelle Elisabeth,"[""(no genres listed)""]",2006,http://image.tmdb.org/t/p/w500/y7Kpu8RkcTy8R57rfRvU62OiCKZ.jpg
129526,The Color of Milk,"[""Comedy"",""Drama""]",2004,http://image.tmdb.org/t/p/w500/qA0a1joPRTueB0HOOqyPvRm2quu.jpg
129528,Repatriation,"[""Documentary""]",2006,http://image.tmdb.org/t/p/w500/o9IhShxns6u5OvOMQkWGjJhZnVw.jpg
129530,Slingshot Hip Hop,"[""(no genres listed)""]",2008,http://image.tmdb.org/t/p/w500/eTUzrzaVTm6CNMyBwyibVOmCgIK.jpg
129532,Island,"[""Drama"",""Mystery"",""Thriller""]",2011,http://image.tmdb.org/t/p/w500/qxVpddEWmPqTmUY0MiYwOpjv1qQ.jpg
129534,Parked,"[""Drama""]",2010,http://image.tmdb.org/t/p/w500/u8dPo4c42YXgXxIkTS4HhclBqyo.jpg
129536,Code Name Coq Rouge,"[""(no genres listed)""]",1989,http://image.tmdb.org/t/p/w500/nhWqBFWzvj9c1N83eryX7sn7ZHW.jpg
129555,So Ends Our Night,"[""Drama"",""War""]",1941,http://image.tmdb.org/t/p/w500/uRLSdqfodWisAMEW2FaxvF01y1e.jpg
129640,66 Scenes From America,"[""Documentary""]",1982,http://image.tmdb.org/t/p/w500/9wCm3GA5xCz90ZdBKpTB4UM5uoO.jpg
129644,Jimi Hendrix: Hear My Train A Comin',"[""Documentary""]",2013,http://image.tmdb.org/t/p/w500/9fs1T5wlDePoyw7kPNUAOjGbjzW.jpg
129646,Kill a Rat,"[""Crime"",""Drama"",""Mystery""]",1977,http://image.tmdb.org/t/p/w500/z4MxBEoPgwg7JFHvlO6zzKF3J2X.jpg
129651,The Third Reich: The 1989,"[""(no genres listed)""]",1975,http://image.tmdb.org/t/p/w500/3H2XSXRQXoFm8M2YmvyVTFR7qN1.jpg
129653,Ismael,"[""Drama""]",2013,http://image.tmdb.org/t/p/w500/bYBxpkqophX7WZ4jGu59Wlwmfze.jpg
129657,Tracers,"[""Action""]",2015,http://image.tmdb.org/t/p/w500/mctuPOqqkXJM8zwqhHindrMycmt.jpg
129659,McFarland USA,"[""Drama""]",2015,http://image.tmdb.org/t/p/w500/86bY7OdITV3PewH3utGhFdgejq1.jpg
129667,We Always Lie to Strangers,"[""(no genres listed)""]",2013,http://image.tmdb.org/t/p/w500/mq91ePEXR3WP5MZIuQWK35ko3OD.jpg
129669,Kids for Cash,"[""Documentary"",""Thriller""]",2014,http://image.tmdb.org/t/p/w500/wJagvqTSeRH4Adlx8LNsuzYzRie.jpg
129671,Bomber,"[""Comedy"",""Drama""]",2009,http://image.tmdb.org/t/p/w500/dH1DtB2F1V6hXG3JfAGrgEu1osX.jpg
129673,Missionary,"[""Drama"",""Thriller""]",2013,http://image.tmdb.org/t/p/w500/ygMqAJzJMx4XNe0Je68WYkqbq78.jpg
129699,Arnold,"[""Comedy"",""Horror""]",1973,http://image.tmdb.org/t/p/w500/8hDurnBTTvRMXPYvNRqSFHj7Hqt.jpg
129701,The Robot vs. the Aztec Mummy,"[""Horror"",""Sci-Fi""]",1958,http://image.tmdb.org/t/p/w500/xVHYfLisnRY8GkcsTFpXUtfIJDB.jpg
129703,The Forgotten Woman,"[""Documentary""]",2008,http://image.tmdb.org/t/p/w500/g4orfMd9bC1tG0tdRDCBg5pyt8C.jpg
129705,My,"[""(no genres listed)""]",1996,http://image.tmdb.org/t/p/w500/bWgmOuo8vLgj0fJ9GEZsYwPTtp0.jpg
129707,The Lazarus Effect,"[""Horror"",""Thriller""]",2015,http://image.tmdb.org/t/p/w500/3oqjCN38pb7MI5i8lUlDQd4IAeA.jpg
129709,The Walking Hills,"[""Western""]",1949,http://image.tmdb.org/t/p/w500/rNlNlttdZEmjeMv2l5yRUw0DAU6.jpg
129713,Assa,"[""Crime"",""Drama""]",1987,http://image.tmdb.org/t/p/w500/mpHdaKsm0Akrvzlo51ZMRVsEnb6.jpg
129715,Los Flamencos,"[""Comedy""]",2013,http://image.tmdb.org/t/p/w500/wnCCmbOqpjYeACwaGUFeZuGJKLs.jpg
129717,My Best Friend's Wife,"[""Comedy""]",1998,http://image.tmdb.org/t/p/w500/sPV9TanfzME8VWscECYe720m8WP.jpg
129719,That's Life,"[""Comedy""]",1998,http://image.tmdb.org/t/p/w500/xkB9p5Ck7pyojwuI8efQXm2f7vI.jpg
129721,Chiedimi se sono felice,"[""Comedy"",""Drama""]",2000,http://image.tmdb.org/t/p/w500/42t4vCBM3Hplq5vCOhynSsZOuu2.jpg
129723,Cose da pazzi,"[""(no genres listed)""]",2005,http://image.tmdb.org/t/p/w500/ptDQ6UXGWiQxGaT389FnMTrBrOh.jpg
129737,Unfinished Business,"[""Comedy""]",2015,http://image.tmdb.org/t/p/w500/syjAbeqw3pNwEmRQHlRGHZUG9kF.jpg
129739,Bogowie,"[""Drama""]",2014,http://image.tmdb.org/t/p/w500/r5A1o4Ko5nYhVeCXO8Aqa5erCzb.jpg
129741,Mutantes,"[""Documentary""]",2009,http://image.tmdb.org/t/p/w500/uanlgFvHjye72g8JkXIjIJsGmk6.jpg
129749,The Connection,"[""Crime"",""Drama""]",2014,http://image.tmdb.org/t/p/w500/5Me3v2swCnGEfzucZ6MXrwGV80V.jpg
129751,The Beehive,"[""Drama""]",1982,http://image.tmdb.org/t/p/w500/uH12Ty5yNBeudhUqzKKERDKEVCh.jpg
129763,Street People,"[""Action"",""Thriller""]",1976,http://image.tmdb.org/t/p/w500/ja7r9e8uPx7kOEKZy3H8q9TH2sZ.jpg
129767,The Police Serve the Citizens?,"[""Action"",""Crime""]",1973,http://image.tmdb.org/t/p/w500/tMqGUM4AuqUfgCpuFdQLzWL3ch3.jpg
129769,Covert Action,"[""(no genres listed)""]",1978,http://image.tmdb.org/t/p/w500/kOKCmWs7K3RcWlu8Lav2rnwi4VG.jpg
129771,Jacky in the Kingdom of Women,"[""Comedy""]",2014,http://image.tmdb.org/t/p/w500/isrpTwPt7RN3VcT94XVRfjhUN2I.jpg
129773,Soulless,"[""Comedy"",""Drama""]",2012,http://image.tmdb.org/t/p/w500/A7NBy6onEdLpbmL0iysQBrm0a8l.jpg
129775,Arc,"[""Drama"",""Mystery"",""Thriller""]",2006,http://image.tmdb.org/t/p/w500/mhDkJ9gNbjHdCacTIBm22AsRmWp.jpg
129777,Chronic Town,"[""Action"",""Drama"",""Thriller""]",2010,http://image.tmdb.org/t/p/w500/jqZFjIABNzkLt2m5w8P3NxNhkp2.jpg
129779,Ghost in the Shell Arise - Border 1: Ghost Pain,"[""Action"",""Animation"",""Sci-Fi""]",2013,http://image.tmdb.org/t/p/w500/4iDuwS19O2GIXTRvUR9xgNdEKh2.jpg
129781,About Alex,"[""Drama""]",2014,http://image.tmdb.org/t/p/w500/1MFCT3zmErkuDtAAaE2XT7I8RRs.jpg
129784,Xuxa in Crystal Moon,"[""Children"",""Comedy"",""Romance""]",1990,http://image.tmdb.org/t/p/w500/cc8YCppXeztB4WKonZXRvDflPAd.jpg
129786,Dhobi Ghat,"[""Drama""]",2011,http://image.tmdb.org/t/p/w500/2vzB2rUZgLVBBsnXxZZGnK9qsmr.jpg
129788,Raanjhanaa,"[""Drama"",""Romance""]",2013,http://image.tmdb.org/t/p/w500/nBDwIdEoUG9W8hRgZuFiHIjk9kF.jpg
129812,New Scenes from America,"[""Documentary""]",2002,http://image.tmdb.org/t/p/w500/5Wq1INhMJRxI0ioIjxg4sKydwQC.jpg
129814,The Adventurers,"[""Action"",""Adventure"",""Drama""]",1970,http://image.tmdb.org/t/p/w500/1WQPcTeZs1BiLT34w2bjURckyms.jpg
129816,The Voice of the Moon,"[""Adventure"",""Comedy"",""Drama""]",1990,http://image.tmdb.org/t/p/w500/mn3obxixrzXbtYDalSeMjL54iLv.jpg
129818,Whitey: United States of America v. James J. Bulger,"[""Crime"",""Documentary""]",2014,http://image.tmdb.org/t/p/w500/jjtYEGgLJE1b1bvgm4Mn6vYXTLw.jpg
129820,Spare Parts,"[""Children"",""Drama""]",2015,http://image.tmdb.org/t/p/w500/qOlGxO6WfcGFwLBPlNwrkiGxFXO.jpg
129822,Bikes vs Cars,"[""Documentary""]",2015,http://image.tmdb.org/t/p/w500/8KEZ7cn2VlJy9Lz3uIFImFJ5H9S.jpg
129826,LEGO DC Comics Super Heroes: Justice League vs. Bizarro League,"[""Action"",""Adventure"",""Animation"",""Children""]",2015,http://image.tmdb.org/t/p/w500/eyaGDrV1ScVGiXrBifb8AuoQ3ko.jpg
129830,Animals United,"[""Animation"",""Children"",""Comedy""]",2011,http://image.tmdb.org/t/p/w500/tAlZp5pTUBFfE8qYBdzUEOg45fi.jpg
129834,Tom and Jerry: The Lost Dragon,"[""Animation"",""Children"",""Comedy""]",2014,http://image.tmdb.org/t/p/w500/7BcxrWmC5dpAQtGPKL2fFHPqz5W.jpg
129838,Capturing Mary,"[""(no genres listed)""]",2007,http://image.tmdb.org/t/p/w500/nMIe8svELZnES6qjXJi50YgZLhL.jpg
129841,Floating Skyscrapers,"[""Drama"",""Romance""]",2014,http://image.tmdb.org/t/p/w500/dauzNAm7tS1TUNVoyAVt3D0JZvY.jpg
129843,Plastic Paradise: The Great Pacific Garbage Patch,"[""Documentary""]",2013,http://image.tmdb.org/t/p/w500/yriiuhkHOL2AAjuv6YmqoEAv0mH.jpg
129845,Falcon Rising,"[""Action"",""Adventure""]",2014,http://image.tmdb.org/t/p/w500/9GOMpzlEaDZF5CCFSLEKclrPQRJ.jpg
129847,Somewhere Under the Broad Sky,"[""(no genres listed)""]",1954,http://image.tmdb.org/t/p/w500/4b3fMFAwhRDrscFhkTOJQslHt4U.jpg
129849,Old Man Drinking a Glass of Beer,"[""(no genres listed)""]",1898,
129851,Dickson Greeting,"[""(no genres listed)""]",1891,http://image.tmdb.org/t/p/w500/nzxhqmDVlVAGMkjJJhRdUv0esiv.jpg
129855,Lights Out,"[""Drama"",""Mystery"",""Thriller""]",2010,http://image.tmdb.org/t/p/w500/lvs3LLQL05yxPq9QmLFdUg5VriX.jpg
129857,Bright Days Ahead,"[""Drama"",""Romance""]",2013,http://image.tmdb.org/t/p/w500/bMgX4qHxu1KLDIGIpKdqYb4Eeec.jpg
129859,Mardock Scramble: The Second Combustion,"[""Animation"",""Sci-Fi""]",2011,http://image.tmdb.org/t/p/w500/pnofwVRFLpCdYGYde6G9gs2qNbl.jpg
129871,"My Wife, A Body to Love","[""(no genres listed)""]",1973,http://image.tmdb.org/t/p/w500/yMvhHh7tsOMac9pV6UmZ9ldkPG4.jpg
129873,Gardenia,"[""Crime""]",1979,http://image.tmdb.org/t/p/w500/r5VHuossfyvDrTVyAvTKMvLwML5.jpg
129875,Pigs with a P.38,"[""(no genres listed)""]",1978,http://image.tmdb.org/t/p/w500/dOVlxSWw9QpkYA8ZHdVsY5ICzCi.jpg
129877,"Clap, You're Dead","[""(no genres listed)""]",1974,http://image.tmdb.org/t/p/w500/iJMBrmE89q22K2cUvipOMOF2SdL.jpg
129879,Orders Signed in White,"[""(no genres listed)""]",1974,http://image.tmdb.org/t/p/w500/qeUhG3E1fTy6v9bO4GQvrLkUTGg.jpg
129881,Il cappotto di legno,"[""(no genres listed)""]",1981,
129883,Il fiore dai petali d'acciaio,"[""Thriller""]",1973,http://image.tmdb.org/t/p/w500/kXqWaleIXUvhlBy1i6qHEvCEtnC.jpg
129885,Le ultime ore di una vergine,"[""(no genres listed)""]",1972,http://image.tmdb.org/t/p/w500/hZMJpjDinwXPkN75sM8ug2rAIeO.jpg
129887,Movi,"[""(no genres listed)""]",1986,
129889,Papusza,"[""Drama""]",2013,http://image.tmdb.org/t/p/w500/yaZC1SPH2GU7gw1MrY7jzjdXMML.jpg
129905,The Floating Castle,"[""Comedy"",""Drama""]",2012,http://image.tmdb.org/t/p/w500/n0mGSImy3eHtsQCmFgetK1QsJt3.jpg
129907,Familiar Ground,"[""Comedy""]",2011,http://image.tmdb.org/t/p/w500/nJmnhFgwlEASGg3L5vvoHqWQRf2.jpg
129909,Club Sandwich,"[""Comedy""]",2013,http://image.tmdb.org/t/p/w500/69jTDK3HTnsNN759bM9qixLxbR3.jpg
129911,Playing,"[""Documentary""]",2007,http://image.tmdb.org/t/p/w500/2SHuWvBRZuXc4bQjEjT6y91wFjH.jpg
129913,Rings,"[""Horror"",""Thriller""]",2005,http://image.tmdb.org/t/p/w500/uC3FdOvSO4had0ZreKmGZuGcYqU.jpg
129915,Butterflies Have No Memories,"[""(no genres listed)""]",2009,http://image.tmdb.org/t/p/w500/f4ARjNpPnmEqeT7OVBQwAoppqzv.jpg
129917,The Dependent,"[""(no genres listed)""]",1969,http://image.tmdb.org/t/p/w500/ighSQNfgiQq0kDfpWaEW9B3YKBw.jpg
129919,Nazareno Cruz and the Wolf,"[""(no genres listed)""]",1975,http://image.tmdb.org/t/p/w500/lLCfEpomfZaOZAci9VmwsqII5NQ.jpg
129921,Bestiaire,"[""Documentary""]",2012,http://image.tmdb.org/t/p/w500/nZgMyWYA8iRzXH01B1T2ioA4wHL.jpg
129923,Carcasses,"[""Documentary""]",2009,http://image.tmdb.org/t/p/w500/eHTVmsKxa3xe8iD52ZS0HUw0iRK.jpg
129925,El Escarabajo de Oro,"[""(no genres listed)""]",2014,http://image.tmdb.org/t/p/w500/pv86AhtGu1RpTO4ZIDL47c1Pdxr.jpg
129927,Independencia,"[""Drama""]",2009,http://image.tmdb.org/t/p/w500/7PNfyxDhBdcylTd67fHkliMRDwQ.jpg
129929,Autohystoria,"[""(no genres listed)""]",2007,http://image.tmdb.org/t/p/w500/9g2AOQ9gW0mUFRK4qJbtq8zdTm.jpg
129931,La Morte Rouge,"[""(no genres listed)""]",2006,http://image.tmdb.org/t/p/w500/aGTstT5OmnjjfiLiimZyvzIz4YV.jpg
129933,Sacro GRA,"[""Documentary""]",2013,http://image.tmdb.org/t/p/w500/mDqwqIwuCcJm7QbK70THtfuKHqH.jpg
129935,Gimme the Loot,"[""Drama""]",2013,http://image.tmdb.org/t/p/w500/d6m9TL6ajM2i76bsRXc6jNVDuah.jpg
129937,Run All Night,"[""Action"",""Crime"",""Drama"",""Mystery"",""Thriller""]",2015,http://image.tmdb.org/t/p/w500/aqNJrAxudMRNo8jg3HOUQqdl2xr.jpg
129941,The Killers,"[""Crime""]",1956,http://image.tmdb.org/t/p/w500/p7HBbQ2wcna4hIDKAIrJlLLDrdF.jpg
129947,Melody,"[""Drama"",""Romance""]",1971,http://image.tmdb.org/t/p/w500/9iMVOaJIQLrtkbGeIQPwU4BoNMv.jpg
129951,Rich Hill,"[""Documentary""]",2014,http://image.tmdb.org/t/p/w500/wxayLOh6b3SVKxckZ3Fe3ZWBQ8r.jpg
129958,Our Vinyl Weighs a Ton: This Is Stones Throw Records,"[""Documentary""]",2013,http://image.tmdb.org/t/p/w500/xgAD41mV7xNXCRNQVAHm5dqOepO.jpg
129978,Mission Bloody Mary,"[""Adventure""]",1965,http://image.tmdb.org/t/p/w500/hn1FtWYUCGMuI3FZTseRaK3HoKP.jpg
129980,Password: Uccidete agente Gordon,"[""(no genres listed)""]",1966,http://image.tmdb.org/t/p/w500/zI8ws8P2s8fFfNYNpU7lQU0Vsu4.jpg
129996,One Man Against the Organization,"[""(no genres listed)""]",1975,http://image.tmdb.org/t/p/w500/g7NjlOOiDKCChyOuMHikzZuJAN2.jpg
130016,"Lodger, The","[""Crime"",""Horror"",""Mystery"",""Thriller""]",1944,http://image.tmdb.org/t/p/w500/jlRqUEkulipZyGmWbSs4HstYZpC.jpg
130034,Stand by Me Doraemon,"[""Animation"",""Children"",""Drama"",""Fantasy""]",2014,http://image.tmdb.org/t/p/w500/wO0rlZ1d2uUdNejPNlZWIDwNxgJ.jpg
130036,Saints and Soldiers: The Void,"[""Action"",""Drama"",""War""]",2014,http://image.tmdb.org/t/p/w500/aKxmzaFNk8R8ToGY1uolPvTjZKa.jpg
130040,Mo,"[""Horror""]",1983,http://image.tmdb.org/t/p/w500/tQVbdN2nR2oYeDvxYyoOuuBSCIB.jpg
130044,Late Phases,"[""Drama"",""Horror""]",2014,http://image.tmdb.org/t/p/w500/aQCRLfu8XcKvvqrRvCYQK58xUiC.jpg
130050,Digging Up the Marrow,"[""Drama"",""Fantasy"",""Horror"",""Mystery"",""Thriller""]",2014,http://image.tmdb.org/t/p/w500/f8FoJz7JIvEiH37Wh8fgcVUFliq.jpg
130052,Clown,"[""Drama"",""Horror""]",2014,http://image.tmdb.org/t/p/w500/3Z97W9dDWU9YH3fk2sQKVauLNnu.jpg
130054,Pauline dÃ©tective,"[""Comedy""]",2012,http://image.tmdb.org/t/p/w500/t0BGznMYkhwPxzzCKr493YxlJTJ.jpg
130056,Kingdom of Shadows,"[""Documentary""]",2015,http://image.tmdb.org/t/p/w500/oM8a3AJ97Q1ASNxLbSodSNVgNgl.jpg
130058,Des roses en hiver,"[""Drama""]",2014,http://image.tmdb.org/t/p/w500/5Xh6uWr4TKeWTvEMNykd4vQ9SkO.jpg
130060,Des fleurs pour Algernon,"[""(no genres listed)""]",2006,http://image.tmdb.org/t/p/w500/hjcE20VctNAwiEeJPR3boMUt6jk.jpg
130062,Darling,"[""Drama""]",2007,http://image.tmdb.org/t/p/w500/woTDky0rUt8EXIIsvNwFA8iOANH.jpg
130064,Memory Lane,"[""Drama""]",2010,http://image.tmdb.org/t/p/w500/seKrNx5y9Kmh7g4u11bbQwrr73D.jpg
130066,Camille Rewinds,"[""Comedy"",""Romance""]",2012,http://image.tmdb.org/t/p/w500/iGZAthtESU8fnAKwrx1IFqCezNg.jpg
130069,Road Hard,"[""Comedy""]",2015,http://image.tmdb.org/t/p/w500/491hmb23ZtxrxCXj0uHyyasUuAq.jpg
130071,Nymph,"[""Fantasy"",""Horror""]",2014,http://image.tmdb.org/t/p/w500/mHXdX81Ai37UGtO3xGui0jDEwNG.jpg
130073,Cinderella,"[""Adventure"",""Children"",""Drama"",""Sci-Fi""]",2015,http://image.tmdb.org/t/p/w500/2i0JH5WqYFqki7WDhUW56Sg0obh.jpg
130075,Frozen Fever,"[""Adventure"",""Animation""]",2015,http://image.tmdb.org/t/p/w500/lKJiVPzsAO9IJ4LKWXZ8vkR2bg4.jpg
130077,Lost for Life,"[""Crime"",""Documentary""]",2013,http://image.tmdb.org/t/p/w500/9wx3XwAaA8ySqDkMC6B4jbYOgAB.jpg
130079,Enquiring Minds: The Untold Story of the Man Behind the National Enquirer,"[""Documentary""]",2014,http://image.tmdb.org/t/p/w500/zChTdsGNKSCULoX9jRIHjBcuqfy.jpg
130081,Our Summer in Provence,"[""Comedy"",""Drama""]",2014,http://image.tmdb.org/t/p/w500/eGLE1psNIvvhh5tr0xKy4majFpL.jpg
130083,Kidnapping Mr. Heineken,"[""Action"",""Crime"",""Drama"",""Thriller""]",2015,http://image.tmdb.org/t/p/w500/567sh0LAl6pgfFQz9D9KsfT3g9s.jpg
130087,The Cobbler,"[""Comedy"",""Drama"",""Fantasy""]",2015,http://image.tmdb.org/t/p/w500/rUMpmOaoJdoLjkoUfUJaTfk3QyL.jpg
130089,Crazy Beautiful You,"[""(no genres listed)""]",2015,http://image.tmdb.org/t/p/w500/wrNhQ1UKGzx8472twfXD17UbktQ.jpg
130204,Patty Hearst,"[""(no genres listed)""]",1988,http://image.tmdb.org/t/p/w500/a7wBVFuCbEOFnBD6udWYPf7crBK.jpg
130219,The Dark Knight,"[""Action"",""Crime"",""Drama"",""Thriller""]",2011,http://image.tmdb.org/t/p/w500/kyjTDE5vldkUpJGErAvqYY6J92M.jpg
130290,Hotel,"[""Drama""]",2013,http://image.tmdb.org/t/p/w500/mo49uJwjEKf2ouMCxVMCxWHhaEy.jpg
130292,Alphabet,"[""Documentary""]",2013,http://image.tmdb.org/t/p/w500/tjvVVIIM54Ox4xZo4e3Jv3al330.jpg
130294,Drevo,"[""Drama""]",2014,http://image.tmdb.org/t/p/w500/JmQ65K68WGkRtNpmF8jFTBex5y.jpg
130296,A Fight For,"[""(no genres listed)""]",2014,http://image.tmdb.org/t/p/w500/6jIXV2xuUdddQLRVNtJnUxPy7Pv.jpg
130298,Pot v raj,"[""(no genres listed)""]",2014,http://image.tmdb.org/t/p/w500/h74Je0zvUSBydRvXQRZmDZatqGw.jpg
130324,The Strength of Water,"[""(no genres listed)""]",2009,http://image.tmdb.org/t/p/w500/iaiMCmEJTI1eKQv6ar9dCTH5APp.jpg
130326,Other Girls,"[""Drama""]",2015,http://image.tmdb.org/t/p/w500/5QTCCWhaTyuQEWXaDgvB9kNAatp.jpg
130328,A Bright Shining Lie,"[""Drama"",""War""]",1998,http://image.tmdb.org/t/p/w500/1cbOs8MZGn02alFrzv6DXVDValL.jpg
130338,Silent Sonata,"[""Drama"",""Fantasy"",""War""]",2011,http://image.tmdb.org/t/p/w500/qJRASinC0jnnatzOYRqOt1rgDB4.jpg
130340,Wolfsburg,"[""Drama""]",2003,http://image.tmdb.org/t/p/w500/ihLFeHoEHDoDO5K5hCHlfayriqb.jpg
130342,Ice Poison,"[""(no genres listed)""]",2014,http://image.tmdb.org/t/p/w500/m2iis0QSLnMG3GjF4zSawfbMhCB.jpg
130344,Coast of Death,"[""Children"",""Documentary"",""Drama""]",2013,http://image.tmdb.org/t/p/w500/sBdqIiPipgPmGDcMCaeeYqt3qaS.jpg
130347,Bill Hicks: Sane Man,"[""Comedy""]",1989,http://image.tmdb.org/t/p/w500/28t1GA1uLZcIrcSeXdRC2JgSff7.jpg
130349,The Harry Hill Movie,"[""Comedy""]",2013,http://image.tmdb.org/t/p/w500/6GhqOGEgnRPYpHp3tdJCfiRh6LC.jpg
130351,The Wrecking Crew,"[""Documentary""]",2008,http://image.tmdb.org/t/p/w500/eOxBsK86Cbd0FZVDilrXfGWoUeA.jpg
130356,Tribulation,"[""Drama"",""Sci-Fi"",""Thriller""]",2000,http://image.tmdb.org/t/p/w500/iNW4ULNYatiCGStlmoY8yTrPbEk.jpg
130374,India's Daughter,"[""Documentary""]",2015,http://image.tmdb.org/t/p/w500/vKJ0Yrm7dmcny3xEJYAZlkf8AaU.jpg
130380,Absolute Aggression,"[""Action"",""Sci-Fi"",""Thriller""]",2004,http://image.tmdb.org/t/p/w500/uFoDacIvDooPzoO8uKeMir9JOrk.jpg
130382,Mr. Pip,"[""Drama"",""War""]",2012,http://image.tmdb.org/t/p/w500/rKrZMJ0hTvk0g2sn5znHbh1lGmJ.jpg
130384,Mega Piranha,"[""Action"",""Adventure"",""Horror"",""Sci-Fi""]",2010,http://image.tmdb.org/t/p/w500/f7jol00uMdExQWVKY7buBZOiL41.jpg
130386,Men in White,"[""(no genres listed)""]",1998,http://image.tmdb.org/t/p/w500/A2f3Chqq7Ym9vAYe5TunkWZ70DQ.jpg
130388,Black Field,"[""Drama"",""Romance""]",2009,http://image.tmdb.org/t/p/w500/loeoyd74r3X7hlGNF4y8O37j5p5.jpg
130390,Contract Killers,"[""Action"",""Adventure"",""Thriller""]",2009,http://image.tmdb.org/t/p/w500/rWscRMUt4O3AHk7LNd0SYWAbeWG.jpg
130392,A Magnificent Haunting,"[""Drama""]",2012,http://image.tmdb.org/t/p/w500/qOxNyWwuc4pDwwo0jbvgubUmFU6.jpg
130394,The Mascot,"[""Animation""]",1934,http://image.tmdb.org/t/p/w500/9J2WtOYjql5AKvcWOiP8TJPxqx8.jpg
130396,The Suspended Step of the Stork,"[""Drama"",""Romance""]",1991,http://image.tmdb.org/t/p/w500/poz6C8uAx6lzvWoQuxijXU7Vy1x.jpg
130398,Transmorphers,"[""Action"",""Adventure"",""Sci-Fi""]",2007,http://image.tmdb.org/t/p/w500/7umGsuU32BuBKVzNnrTzk0GMk6u.jpg
130400,Through the Forest,"[""Drama""]",2005,http://image.tmdb.org/t/p/w500/35DoWeaFWTdPD226OWCKU7j55pO.jpg
130402,Cardcaptor Sakura: The Sealed Card,"[""Adventure"",""Animation"",""Comedy"",""Fantasy"",""Romance""]",2000,http://image.tmdb.org/t/p/w500/dSwbdRjiHek6FyRunTgq2RMIhDr.jpg
130404,The Linguists,"[""Documentary""]",2008,http://image.tmdb.org/t/p/w500/iuBP9kiNcL2iKJab8uOk4TtUmNk.jpg
130408,A Rumor Of War,"[""(no genres listed)""]",1980,http://image.tmdb.org/t/p/w500/u7MccREQqPb3mYbrFH2MDRm9Hf3.jpg
130420,Outrage,"[""Crime"",""Drama"",""Thriller""]",1973,
130424,The Crown Jewels,"[""Drama"",""Fantasy"",""Romance""]",2011,http://image.tmdb.org/t/p/w500/mFw1yvFcpxMPOJlFJn8Vhc2rUEK.jpg
130442,Patrick,"[""Horror"",""Sci-Fi"",""Thriller""]",2013,http://image.tmdb.org/t/p/w500/2tecSyDZkYTcdAqQDxl8GnFbb0x.jpg
130444,Ruby Red,"[""Adventure"",""Children"",""Fantasy"",""Sci-Fi""]",2013,http://image.tmdb.org/t/p/w500/9ly8nXuDuiAsYjEmAOLJ9ANZpsb.jpg
130454,Michael Laudrup - en Fodbold,"[""(no genres listed)""]",2015,http://image.tmdb.org/t/p/w500/nhnNrWgP5412FozZDLZeYqw3w0l.jpg
130458,The Pentagon Papers,"[""Drama"",""Thriller""]",2003,http://image.tmdb.org/t/p/w500/niQyGUJWl031h6rrWWXmtbFrcFK.jpg
130462,The Boy,"[""(no genres listed)""]",2015,http://image.tmdb.org/t/p/w500/58EhIese7a77U8PtZSylT8rt4I6.jpg
130466,I Hate Christian Laettner,"[""Documentary""]",2015,http://image.tmdb.org/t/p/w500/pBI7HSWQYvWWiwUyUyFuB0EvJJs.jpg
130474,Suite FranÃ§aise,"[""Drama"",""Romance"",""War""]",2015,http://image.tmdb.org/t/p/w500/4lMmrBRNwMXC9KSaj1Kw6M9MSCm.jpg
130476,The Concert for Bangladesh,"[""Documentary""]",1972,http://image.tmdb.org/t/p/w500/4t9SmttZVbH8Z108qY09DcV30JT.jpg
130478,Kitchen in Paris,"[""Comedy""]",2014,http://image.tmdb.org/t/p/w500/bhZkGUaAnaUtUNLquBP6jq2aJH6.jpg
130488,The Infinite Man,"[""Comedy""]",2014,http://image.tmdb.org/t/p/w500/7lNJXvO5NALtV4xd0GTVZhuuE86.jpg
130490,Insurgent,"[""Action"",""Romance"",""Sci-Fi""]",2015,http://image.tmdb.org/t/p/w500/aBBQSC8ZECGn6Wh92gKDOakSC8p.jpg
130494,Simon & the Oaks,"[""Drama""]",2011,http://image.tmdb.org/t/p/w500/3z7nToxgzFCqlV2PtTZNw7wjusy.jpg
130496,Big Game,"[""Action"",""Adventure""]",2015,http://image.tmdb.org/t/p/w500/uSeDj6wb67WyBuwwAw9Nhh76quA.jpg
130498,La vÃ©ritÃ© si je mens !,"[""Comedy""]",1997,http://image.tmdb.org/t/p/w500/s6yNLv4AkZAf4wWSsONa1NOzc5S.jpg
130500,Laissons Lucie faire !,"[""(no genres listed)""]",2000,http://image.tmdb.org/t/p/w500/gqUmVTWv5UNv2cUIXfypAiTxQsv.jpg
130502,Venus & Fleur,"[""(no genres listed)""]",2004,http://image.tmdb.org/t/p/w500/mRM5F0XChmW04hU6vPgl3aZ6Cyr.jpg
130504,Fear Over the City,"[""Action"",""Crime"",""Drama""]",1975,http://image.tmdb.org/t/p/w500/3lzzduXa1mAMQPzAU5StEEzTyLi.jpg
130506,Berserk: The Golden Age Arc 2 - The Battle for Doldrey,"[""Action"",""Animation"",""Fantasy""]",2012,http://image.tmdb.org/t/p/w500/tQtfND1MuY5dxyz8pTZAauxXkIc.jpg
130508,Berserk: The Golden Age Arc - The Egg of the King,"[""Action"",""Adventure"",""Animation"",""Fantasy"",""Horror""]",2012,http://image.tmdb.org/t/p/w500/iYFiL15QquVE668RUetGHQwGgEt.jpg
130510,Berserk: The Golden Age Arc 3 - Descent,"[""Action"",""Animation"",""Fantasy""]",2013,http://image.tmdb.org/t/p/w500/iFKCLVGMLSmljDfpT4WorSD1Erp.jpg
130512,Hippocrates,"[""Comedy"",""Drama""]",2014,http://image.tmdb.org/t/p/w500/5vwa4kVPU1iKFvSXw88DsGc164a.jpg
130514,The Tenant of Wildfell Hall,"[""Drama""]",1997,http://image.tmdb.org/t/p/w500/tCVVYdtg2wEZACMQj91kMWIULod.jpg
130516,Glowing Stars,"[""Drama""]",2009,http://image.tmdb.org/t/p/w500/fwKPal5RbPqgq02EWmS2TXKLLJH.jpg
130518,The Amazing Screw-On Head,"[""Action"",""Adventure"",""Animation"",""Comedy"",""Sci-Fi""]",2006,http://image.tmdb.org/t/p/w500/gtkd2ewq9L6b7sQAbPio3M1teiv.jpg
130520,Home,"[""Animation"",""Children"",""Comedy"",""Fantasy"",""Sci-Fi""]",2015,http://image.tmdb.org/t/p/w500/nIvfqZkq4nQmmIwOowRgBLhWoDd.jpg
130522,The Brave Little Toaster Goes to Mars,"[""Animation"",""Children""]",1998,http://image.tmdb.org/t/p/w500/gb9G2Yml2I1Cw0Emzs7eQbhz3do.jpg
130524,Flying Home,"[""Romance""]",2014,http://image.tmdb.org/t/p/w500/d1xLyqJZeqwX06wxbmaTns7S0lb.jpg
130526,The Detective 2,"[""Action""]",2011,http://image.tmdb.org/t/p/w500/opRgKjPTAf8CMVQlPYdagXRJOd4.jpg
130532,I giorni contati,"[""(no genres listed)""]",1963,http://image.tmdb.org/t/p/w500/kUJGo7IM7Y11AeLJRuqwW7SFVWV.jpg
130560,21 Hours at Munich,"[""Drama""]",1976,http://image.tmdb.org/t/p/w500/bGzUV1tDJak5Px72l1OP6Idds5j.jpg
130562,One in a Million: The Ron LeFlore Story,"[""Drama""]",1978,http://image.tmdb.org/t/p/w500/xLKAtCN5SAfi17MjqF9mpTmnMgp.jpg
130578,The Gunman,"[""Action"",""Thriller""]",2015,http://image.tmdb.org/t/p/w500/luXBGFR9SKjQWJh0bardHLNDpT5.jpg
130580,The Disappearance of Eleanor Rigby: Her,"[""Drama""]",2013,http://image.tmdb.org/t/p/w500/gwRl9PArqY90MXTHNVVsIWlyoKW.jpg
130586,Itinerary of a Spoiled Child,"[""Adventure"",""Drama""]",1988,http://image.tmdb.org/t/p/w500/6yLgQZ1AnpDKeFB85VboCaLP0nV.jpg
130588,Escobar: Paradise Lost,"[""Romance"",""Thriller""]",2014,http://image.tmdb.org/t/p/w500/4e1q2uZ4GB89n9iJa9lRx4mv37W.jpg
130604,Maid in Sweden,"[""Drama""]",1971,http://image.tmdb.org/t/p/w500/Asbw0efsWZHyiatklWiiESFNLxv.jpg
130614,Goodbye Uncle Tom,"[""Drama""]",1971,http://image.tmdb.org/t/p/w500/esIikPg2Ug5B4aAdTYMsONLAVng.jpg
130622,The Circle,"[""Documentary"",""Drama""]",2014,http://image.tmdb.org/t/p/w500/pDBEvXcb53jj8jneepJAQWNGADS.jpg
130626,Vengeance Can Wait,"[""Comedy"",""Drama"",""Romance""]",2010,http://image.tmdb.org/t/p/w500/piCJdxdSjC5bf2LbXbTSSQ3TOr1.jpg
130628,Boys,"[""Drama""]",2014,http://image.tmdb.org/t/p/w500/thoK2aHMHdW9GrxrKRX8TxGhDA5.jpg
130638,Master of the Universe,"[""Documentary""]",2013,http://image.tmdb.org/t/p/w500/Aav3aRcU2470zul1MOgLW509mw1.jpg
130640,è²žå­3D,"[""Horror""]",2012,http://image.tmdb.org/t/p/w500/94p01MiSwQkmaZyDxLQARtbZRKF.jpg
130642,Backcountry,"[""Drama"",""Horror"",""Thriller""]",2014,http://image.tmdb.org/t/p/w500/7BaNC7tNRxHq7rCTK7byXYY4lGZ.jpg
130644,The Garden of Sinners - Chapter 5: Paradox Paradigm,"[""Animation""]",2008,http://image.tmdb.org/t/p/w500/gAu7YFuMVnQRo4heccd4YN21hJ7.jpg
130656,The 21 Carat Snatch,"[""Crime""]",1971,http://image.tmdb.org/t/p/w500/l9XgaCtnd9GGABYBAK3pD5aZ5Lc.jpg
130672,Slumber Party '57,"[""(no genres listed)""]",1976,http://image.tmdb.org/t/p/w500/yJ7XOISilB0g9Lu4nxwn0V0odxv.jpg
130682,Muck,"[""Horror""]",2015,http://image.tmdb.org/t/p/w500/7FCu6d96SKyGSomKbAWWkkL0oRd.jpg
130692,Sam's Song,"[""Drama""]",1969,http://image.tmdb.org/t/p/w500/iK7anWMIPxtpRPsH0ZHOtTyTobm.jpg
130746,Bolero,"[""Drama"",""Romance""]",1984,http://image.tmdb.org/t/p/w500/atkfxwn1oelQYvtIWt7RtMr8rqV.jpg
130768,Chain of Command,"[""Action"",""Thriller""]",2000,http://image.tmdb.org/t/p/w500/mhApNszul5kAazaJou9AakfAv2a.jpg
130784,The Whisperer in Darkness,"[""Horror"",""Mystery"",""Sci-Fi"",""Thriller""]",2011,http://image.tmdb.org/t/p/w500/hbWnkjan4wNupebEjTTZjrJz2ti.jpg
130804,The Fourth War,"[""Drama"",""Thriller""]",1990,http://image.tmdb.org/t/p/w500/eW8SA1j1VelEp4GHDLChD2aytaL.jpg
130828,No Place to Hide,"[""Thriller""]",1970,http://image.tmdb.org/t/p/w500/mbF2x2EbDWje74RnjBDeK3nOSUq.jpg
130834,Dancers,"[""(no genres listed)""]",1987,http://image.tmdb.org/t/p/w500/yfdjVuA6eLyGnz0NSai2GfY7d3L.jpg
130836,Fifty/Fifty,"[""Action"",""Comedy"",""Thriller""]",1992,http://image.tmdb.org/t/p/w500/5z1uO5Aivy9ImSa5S7dKRxzW2C8.jpg
130840,Spring,"[""Horror"",""Romance"",""Sci-Fi""]",2015,http://image.tmdb.org/t/p/w500/2lgCTUFLEJADL8fJ4kxKawt7yL0.jpg
130842,Power/Rangers,"[""Action"",""Adventure"",""Sci-Fi""]",2015,http://image.tmdb.org/t/p/w500/7YEWtMTWUcLSybO25imetyJX418.jpg
130848,Not My Type,"[""Comedy"",""Romance""]",2014,http://image.tmdb.org/t/p/w500/k96LMj1gnhuPOLpg3jusFxz8Lz1.jpg
130850,Mall,"[""Drama""]",2014,http://image.tmdb.org/t/p/w500/vvD5gs0AW7nEYKBjoA0yyLMSyaD.jpg
130852,Brothers on the Line,"[""(no genres listed)""]",2012,http://image.tmdb.org/t/p/w500/3XqODq6W6bX6wsDmKVJf9QQLboI.jpg
130856,Severe Clear,"[""Comedy"",""Documentary""]",2010,http://image.tmdb.org/t/p/w500/n46pT6KpWhSomhYJvht1ybq2i8S.jpg
130878,DoppelgÃ¤nger Paul,"[""(no genres listed)""]",2012,http://image.tmdb.org/t/p/w500/pXsXIrzHPLQFWpFSFFVmLfpuehX.jpg
130894,Petals on the Wind,"[""Drama"",""Romance"",""Thriller""]",2014,http://image.tmdb.org/t/p/w500/cWGG5KjaSfvMu1AQxcQsqITIzYY.jpg
130900,Mr. Troop Mom,"[""Children"",""Comedy""]",2009,http://image.tmdb.org/t/p/w500/oeW5i9QO1Ut0lLpfyruvUolI5Xr.jpg
130954,Guter Junge,"[""Drama""]",2008,http://image.tmdb.org/t/p/w500/2q6ws56dWYeput4Ux9kYEunsPeT.jpg
130958,Killer Crocodile,"[""Horror""]",1989,http://image.tmdb.org/t/p/w500/dnRR11bO6ZIFnOrWXIJpYdMj1FO.jpg
130960,The Conrad Boys,"[""Drama""]",2006,http://image.tmdb.org/t/p/w500/c6UrzgIF2oz3x1XfVy1cbqhu6CH.jpg
130962,Musikanten,"[""(no genres listed)""]",2006,http://image.tmdb.org/t/p/w500/b1wIoVQunfCbdnGg22Ag7OrIQXu.jpg
130964,The Day I Saw Your Heart,"[""Comedy"",""Drama""]",2011,http://image.tmdb.org/t/p/w500/i5qdHoSbo1Dmvbd8UtpSK1uW0WN.jpg
130970,George Carlin: Life Is Worth Losing,"[""Comedy""]",2005,http://image.tmdb.org/t/p/w500/ohA6uDKpx6J2jvLz3tEuSt6ROlk.jpg
130972,Sune pÃ¥ bilsemester,"[""Children"",""Comedy""]",2013,http://image.tmdb.org/t/p/w500/veetsadGzyZV9djJsiBnd5hzYFc.jpg
130976,Legend No. 17,"[""Drama""]",2013,http://image.tmdb.org/t/p/w500/k7twhsuoAwU1SNTfvaKZSOgRR2Y.jpg
130978,Love and Pigeons,"[""Comedy"",""Romance""]",1985,http://image.tmdb.org/t/p/w500/7AhdVtWwtx40uwCmPJlzPjUry1h.jpg
130980,The Day That Lasted 21 Years,"[""Documentary""]",2012,http://image.tmdb.org/t/p/w500/uPVIXfLfNt9llHkhiG49jtfjCQN.jpg
130982,Widows,"[""Drama""]",2011,http://image.tmdb.org/t/p/w500/iBsDEI2sL0GLZlQRLVCJsLW4FK0.jpg
130984,Santo vs. las lobas,"[""Action"",""Fantasy"",""Horror""]",1976,http://image.tmdb.org/t/p/w500/hGQhtU1qShisYLeQC5t91Yg4qZ2.jpg
130986,Light Gradient,"[""Drama"",""Mystery"",""Romance""]",2009,http://image.tmdb.org/t/p/w500/wzLjy6mXKEX0j3aHJGNfGnDFJS6.jpg
130996,The Beautiful Story,"[""Adventure"",""Drama"",""Fantasy""]",1992,http://image.tmdb.org/t/p/w500/30HtwWl5k3SGuN4YkaxKawbn6Qk.jpg
131009,Ballermann 6,"[""Comedy""]",1997,http://image.tmdb.org/t/p/w500/7GtdR2TqsqGTN6WMlPZaHIAyaD4.jpg
131011,Execution Squad,"[""Crime"",""Drama""]",1972,http://image.tmdb.org/t/p/w500/AiSuPmHivIb6RZpK2QzLD0NIqUJ.jpg
131013,Get Hard,"[""Comedy""]",2015,http://image.tmdb.org/t/p/w500/qRzUSrN4p6B7fzA5XGm4ebFg3co.jpg
131015,Hellgate,"[""Horror"",""Thriller""]",2011,http://image.tmdb.org/t/p/w500/ArF8t5MPDImcTJWu3T6YCGUc7mX.jpg
131017,Aziz Ansari: Live at Madison Square Garden,"[""Comedy""]",2015,http://image.tmdb.org/t/p/w500/sd0UjD2HL6bLndRoKqDeo2Wu2Wa.jpg
131019,The Intruders,"[""Thriller""]",2015,http://image.tmdb.org/t/p/w500/h9TbIWOfCyg8myPSdrKdNji7P9l.jpg
131021,Filmistaan,"[""(no genres listed)""]",2014,http://image.tmdb.org/t/p/w500/2MFJFN1nukzHhEHFTLZT3LbhFPm.jpg
131023,That Sugar Film,"[""Documentary""]",2014,http://image.tmdb.org/t/p/w500/rKWEHxj9NtYOpZv7awO5s764JCq.jpg
131025,The Brass Legend,"[""Action""]",1956,http://image.tmdb.org/t/p/w500/wo5Vf5SHMAbQ5zsgut71ddQSnbZ.jpg
131027,But Forever in My Mind,"[""Comedy"",""Drama""]",1999,http://image.tmdb.org/t/p/w500/yx20EOdt1tiSrE6fbJBdUYEKqF8.jpg
131031,La liga no es cosa de hombres,"[""(no genres listed)""]",1972,http://image.tmdb.org/t/p/w500/6pfxOE2FegB1J9PBCpuGQrEhGCW.jpg
131050,Stargate SG-1 Children of the Gods - Final Cut,"[""Adventure"",""Sci-Fi"",""Thriller""]",2009,http://image.tmdb.org/t/p/w500/s0It0VWkxLyLgIyGCK3y1m8dKFM.jpg
131052,Die Weihnachtsklempner,"[""Comedy""]",1986,http://image.tmdb.org/t/p/w500/2qc8R3l5jBZ33nvEgi7X6bB8mGQ.jpg
131054,Dinotopia: Quest for the Ruby Sunstone,"[""Children"",""Fantasy"",""Sci-Fi""]",2005,http://image.tmdb.org/t/p/w500/vA29B9t2kxNzAYAAO8umf60GZ58.jpg
131056,The Vexxer,"[""Comedy"",""Crime""]",2007,http://image.tmdb.org/t/p/w500/qfU9n7QQ3dNas1rKm5xTDT1NgR6.jpg
131058,Santa's Apprentice,"[""Animation"",""Children""]",2010,http://image.tmdb.org/t/p/w500/sTbXojIel3yVLoV4Z3gFDhSRHQn.jpg
131060,Vollidiot,"[""Comedy"",""Drama""]",2007,http://image.tmdb.org/t/p/w500/41EsLkSWhpCJ0hNGo5A2L0WsZ6C.jpg
131062,20 Years After,"[""Drama"",""Fantasy"",""Sci-Fi""]",2008,http://image.tmdb.org/t/p/w500/sDKL3rX1ZqPqEEvor7cXov9yIcD.jpg
131066,Ronal the Barbarian,"[""Adventure"",""Animation"",""Fantasy""]",2011,http://image.tmdb.org/t/p/w500/wGtPpl8n3zOP5HsWMqUZNOhKM5c.jpg
131068,Sex Up Your Life!,"[""Comedy""]",2005,http://image.tmdb.org/t/p/w500/wWRUVgAepxrJ7SnqOLqT9gai6LN.jpg
131070,Forgotten,"[""Drama"",""Mystery"",""Thriller""]",2012,http://image.tmdb.org/t/p/w500/vT1c9Z9cMWEEO7eF2xE5UILlYGs.jpg
131072,Jesus liebt mich,"[""Comedy""]",2012,http://image.tmdb.org/t/p/w500/5uJhjuaqIt0kzCB1O74jpnBQqM4.jpg
131074,Mount St. Elias,"[""Documentary""]",2009,http://image.tmdb.org/t/p/w500/p4LQWCfRGXvpToiok0JXyhA36OD.jpg
131076,SÃ¼perseks,"[""Comedy""]",2004,http://image.tmdb.org/t/p/w500/khO86YubixRdslAbVxAQfKSXqJL.jpg
131078,Benjamin BlÃ¼mchen - Seine schÃ¶nsten Abenteuer,"[""(no genres listed)""]",2006,http://image.tmdb.org/t/p/w500/9P7DdpQzYDJdFQ3C4cmzsRkwcCU.jpg
131080,Cinderella III: A Twist in Time,"[""Animation"",""Children"",""Fantasy"",""Romance""]",2007,http://image.tmdb.org/t/p/w500/cK3t3NERuYeIpPjSAdWWrhGrLnR.jpg
131082,Playground,"[""(no genres listed)""]",2009,http://image.tmdb.org/t/p/w500/u3msMlqhAlAvHMVLXVXosaYBigA.jpg
131084,Hui Buh: The Castle Ghost,"[""Adventure"",""Comedy"",""Fantasy""]",2006,http://image.tmdb.org/t/p/w500/iMaT6soX0ghQkLjoLzN0mQvwGtY.jpg
131086,The Little Polar Bear: Lars and the Little Tiger,"[""Animation"",""Children""]",2002,http://image.tmdb.org/t/p/w500/leCFauE0ewNDIIzsuXd1NJMpDLt.jpg
131088,Girls on Top 2,"[""Comedy""]",2004,http://image.tmdb.org/t/p/w500/yU6tRKQ7Yu8ASTszY5VPFIKikTM.jpg
131090,Jonas,"[""Comedy""]",2012,http://image.tmdb.org/t/p/w500/9qJVcJD2SybjwFBSVW5v0SNeoNK.jpg
131092,"Mickey, Donald, Goofy: The Three Musketeers","[""Adventure"",""Animation"",""Children"",""Comedy""]",2004,http://image.tmdb.org/t/p/w500/8rQXH1d2aB22SDD7oPRtp6FJC4R.jpg
131094,Rudolph the Red-Nosed Reindeer: The Movie,"[""Animation"",""Children""]",1998,http://image.tmdb.org/t/p/w500/twZ8byxrmg5MSegiqog1v4kMUDJ.jpg
131096,Russendisko,"[""Comedy""]",2012,http://image.tmdb.org/t/p/w500/qGSDjpfEGR1bEaDxtKmHitCTn4j.jpg
131098,Saving Santa,"[""Animation"",""Children"",""Comedy""]",2013,http://image.tmdb.org/t/p/w500/wIr5gosI2cgjqyHN6nIJZdwgz58.jpg
131100,Forget me not,"[""Documentary""]",2013,http://image.tmdb.org/t/p/w500/5ICnpUec9mWBoAGiSHfSsDZnXMq.jpg
131102,Lucky Luke: The Ballad of the Daltons,"[""Animation"",""Children"",""Comedy"",""Western""]",1978,http://image.tmdb.org/t/p/w500/pn9wpjEj6aVLhMpIxHM9ydy1rmb.jpg
131104,The Brain,"[""Comedy"",""Crime""]",1969,http://image.tmdb.org/t/p/w500/97ih0KRdPoU7Wbb3iZVGnTmznEe.jpg
131106,Casper's Haunted Christmas,"[""Animation"",""Children""]",2000,http://image.tmdb.org/t/p/w500/72GvCESvXVrsdrFNM1BknrbKsmz.jpg
131108,The Fearless Four,"[""(no genres listed)""]",1997,http://image.tmdb.org/t/p/w500/yL4Slxpzw5OdNkBvDdBzGfi31UC.jpg
131110,A House of Secrets: Exploring 'Dragonwyck',"[""Documentary""]",2008,
131112,Night of the Living Dorks,"[""Comedy"",""Horror""]",2004,http://image.tmdb.org/t/p/w500/9Ixy2dMyQMwMwIzCpouplwkkUte.jpg
131114,La Planque,"[""Comedy""]",2011,http://image.tmdb.org/t/p/w500/t8B9H4ZUSkBaEYwz3CDvfcx1QSs.jpg
131116,La PremiÃ¨re Ã©toile,"[""Comedy""]",2009,http://image.tmdb.org/t/p/w500/giL82Sxpl6q0cBKPaATkAmEpTik.jpg
131118,Siegfried,"[""Comedy""]",2005,http://image.tmdb.org/t/p/w500/bkpok6x2ZDlIFpZjSPlNGZZUsMa.jpg
131120,Superstar Goofy,"[""Animation"",""Children"",""Comedy""]",1991,http://image.tmdb.org/t/p/w500/zAqUKto95BNqk8zN4pH6N9VQP2C.jpg
131122,Love Exposure,"[""Action"",""Comedy"",""Drama"",""Romance""]",2007,http://image.tmdb.org/t/p/w500/9IuirzWGtFBTBjNbxcgpE1TeOe9.jpg
131124,Erkan & Stefan 2,"[""Comedy""]",2002,http://image.tmdb.org/t/p/w500/qqG1e4tzI5nygCDFrvhYWuu4nWE.jpg
131126,Erkan & Stefan 3,"[""Comedy""]",2005,http://image.tmdb.org/t/p/w500/kExqRxe2UU2fZOEJjNgPAOFl0SZ.jpg
131128,Flodder 3,"[""Comedy""]",1995,http://image.tmdb.org/t/p/w500/ovcFVdTA8bjiudlYRhFSb1MLnao.jpg
131130,Tom and Jerry: A Nutcracker Tale,"[""Animation"",""Comedy""]",2007,http://image.tmdb.org/t/p/w500/iyMKL2AP6I8gSzHRqUPPHviplZo.jpg
131132,Kleines Arschloch - Der Film,"[""Animation"",""Comedy""]",1997,http://image.tmdb.org/t/p/w500/sO9pym88faiO4gljBNRrcodMm4L.jpg
131134,Manta - Der Film,"[""Comedy""]",1991,http://image.tmdb.org/t/p/w500/JtcQxz1Esm8whU8VRtMdq6UYM0.jpg
131136,Girls on Top,"[""Comedy""]",2001,http://image.tmdb.org/t/p/w500/aCmjvFfEMXDxP2dSCTRORXrmg2H.jpg
131138,My FÃ¼hrer,"[""Comedy"",""Drama"",""War""]",2007,http://image.tmdb.org/t/p/w500/g0qAFteXp0V8QbFPxdx9bo058IP.jpg
131140,Stopped on Track,"[""Drama""]",2011,http://image.tmdb.org/t/p/w500/sRU37hwr6nENHWMx5bLkLx6ddD2.jpg
131142,Voll Normaaal,"[""Comedy""]",1994,http://image.tmdb.org/t/p/w500/gIkWik83nQEePufys4I5BDfEZ6J.jpg
131144,Werner - Das muss kesseln!!!,"[""Animation"",""Comedy""]",1996,http://image.tmdb.org/t/p/w500/1O1i5KRrxhkCZJpnK3PGu5kmRmv.jpg
131146,Werner - Volles RooÃ¤Ã¤Ã¤,"[""Animation"",""Comedy""]",1999,http://image.tmdb.org/t/p/w500/7sMJZshi4RPNFs5rpmx8Z36jePH.jpg
131148,What A Man,"[""Comedy"",""Romance""]",2011,http://image.tmdb.org/t/p/w500/zaH0iiKIWXHmqTD5Z5cGki1NXDC.jpg
131150,7 Dwarves: The Forest Is Not Enough,"[""Comedy""]",2006,http://image.tmdb.org/t/p/w500/p8UJtyb5fcgrGWYab2E6Mn2iIg6.jpg
131152,The Fat Spy,"[""Comedy""]",1966,http://image.tmdb.org/t/p/w500/beWwjMOrGYqMgwm1M3ZGz1EukWw.jpg
131154,"Die Bademeister â€“ Weiber, saufen, Leben retten","[""Comedy""]",1999,http://image.tmdb.org/t/p/w500/esd4juDeWC5Qh57oAyQb4co7FFI.jpg
131156,Ants in the Pants 2,"[""Comedy""]",2002,http://image.tmdb.org/t/p/w500/vPApavke33RLtpflK7ClJhhjm56.jpg
131158,"Manta, Manta","[""Comedy""]",1991,http://image.tmdb.org/t/p/w500/kYPYKSSA2i0Z9NaKA4rpBXEkEnz.jpg
131160,Oscar and the Lady in Pink,"[""Drama""]",2009,http://image.tmdb.org/t/p/w500/t250NCkUWSpG5RyeftTyNgC8XDU.jpg
131162,Por un puÃ±ado de besos,"[""Drama"",""Romance""]",2014,http://image.tmdb.org/t/p/w500/le6fuoql7vcGVL4XuYTyJ0BM3LP.jpg
131164,Vietnam in HD,"[""War""]",2011,http://image.tmdb.org/t/p/w500/y1mxvtrBEpsx5bX1Og4DK4SFxcI.jpg
131166,WWII IN HD,"[""(no genres listed)""]",2009,http://image.tmdb.org/t/p/w500/djy8oDaNahWdo51Ler6w2CcsHCQ.jpg
131168,Phoenix,"[""Drama""]",2014,http://image.tmdb.org/t/p/w500/bI7SEgPy1SEZFmOeYmP8keskIrU.jpg
131170,Parallels,"[""Sci-Fi""]",2015,http://image.tmdb.org/t/p/w500/j7a8OZ408LlP8vnpLEBHYNBNOAA.jpg
131172,Closed Curtain,"[""(no genres listed)""]",2013,http://image.tmdb.org/t/p/w500/hfe9NDhQaFIwzwiWscaM8EtuOro.jpg
131174,Gentlemen,"[""Drama"",""Romance"",""Thriller""]",2014,http://image.tmdb.org/t/p/w500/yvt9XGsTkTsefSmnnpWHUOhEyvA.jpg
131176,A Second Chance,"[""Drama""]",2014,http://image.tmdb.org/t/p/w500/evKz3NpjGshZ42GZ2kd5nSVO6IF.jpg
131180,Dead Rising: Watchtower,"[""Action"",""Horror"",""Thriller""]",2015,http://image.tmdb.org/t/p/w500/ysTty2OpMud8RTda60yvf6AhFuj.jpg
131231,Standby,"[""Comedy"",""Romance""]",2014,http://image.tmdb.org/t/p/w500/pQbDPufvHm42ujAZZKajJ6lQjpA.jpg
131237,What Men Talk About,"[""Comedy""]",2010,http://image.tmdb.org/t/p/w500/z9uZ36S5k4pUw19O1rsJo5erZ32.jpg
131239,Three Quarter Moon,"[""Comedy"",""Drama""]",2011,http://image.tmdb.org/t/p/w500/ukerU7dDqNg2SUndazaznfQA7zQ.jpg
131241,Ants in the Pants,"[""Comedy"",""Romance""]",2000,http://image.tmdb.org/t/p/w500/hBnK0rcAp9HDMm4GDdf2NfOjnvS.jpg
131243,Werner - Gekotzt wird spÃ¤ter,"[""Animation"",""Comedy""]",2003,http://image.tmdb.org/t/p/w500/5xYAUyBG50cYzih6kzSBTgL2shN.jpg
131248,Brother Bear 2,"[""Adventure"",""Animation"",""Children"",""Comedy"",""Fantasy""]",2006,http://image.tmdb.org/t/p/w500/msZSTfilEF6hw47HTuf5AeXAO8R.jpg
131250,No More School,"[""Comedy""]",2000,http://image.tmdb.org/t/p/w500/krKWdC2mGPyiKPBlMKOgXjVgwfe.jpg
131252,Forklift Driver Klaus: The First Day on the Job,"[""Comedy"",""Horror""]",2001,http://image.tmdb.org/t/p/w500/n3vWo7JJKyg3LGjW7dGnk80qu8d.jpg
131254,Kein Bund fÃ¼r's Leben,"[""Comedy""]",2007,http://image.tmdb.org/t/p/w500/2gBDKYK0teVaOhzo6zhTnsMpUVM.jpg
131256,"Feuer, Eis & Dosenbier","[""Comedy""]",2002,http://image.tmdb.org/t/p/w500/zjVaZExvqtAYuVgndonSQbrfGW.jpg
131258,The Pirates,"[""Adventure""]",2014,http://image.tmdb.org/t/p/w500/ci3CCTVLYCKWTluMShJWHl6E7tw.jpg
131260,Rentun Ruusu,"[""(no genres listed)""]",2001,http://image.tmdb.org/t/p/w500/zsR6faS8umaFjazUrLtdLUFbAPV.jpg
131262,Innocence,"[""Adventure"",""Fantasy"",""Horror""]",2014,http://image.tmdb.org/t/p/w500/rJzE6vKJxfHy5vDURm5hykUhYoV.jpg
